rdf,http://www.w3.org/1999/02/22-rdf-syntax-ns#
foaf,http://xmlns.com/foaf/0.1/
yago,http://yago-knowledge.org/resource/
rdfs,http://www.w3.org/2000/01/rdf-schema#
dbo,http://dbpedia.org/ontology/
dbp,http://dbpedia.org/property/
gr,http://purl.org/goodrelations/v1#
dc,http://purl.org/dc/elements/1.1/
spacerel,http://data.ordnancesurvey.co.uk/ontology/spatialrelations/
owl,http://www.w3.org/2002/07/owl#
skos,http://www.w3.org/2004/02/skos/core#
geo,http://www.opengis.net/ont/geosparql#
dcat,http://www.w3.org/ns/dcat#
xsd,http://www.w3.org/2001/XMLSchema#
ont,http://purl.org/net/ns/ontology-annot#
qb,http://purl.org/linked-data/cube#
xtypes,http://purl.org/xtypes/
sioc,http://rdfs.org/sioc/ns#
madsrdf,http://www.loc.gov/mads/rdf/v1#
onto,http://www.ontotext.com/
org,http://www.w3.org/ns/org#
bflc,http://id.loc.gov/ontologies/bflc/
prov,http://www.w3.org/ns/prov#
dbpedia,http://dbpedia.org/resource/
gldp,http://www.w3.org/ns/people#
rss,http://purl.org/rss/1.0/
commerce,http://search.yahoo.com/searchmonkey/commerce/
dcterms,http://purl.org/dc/terms/
sd,http://www.w3.org/ns/sparql-service-description#
void,http://rdfs.org/ns/void#
wd,http://www.wikidata.org/entity/
bibo,http://purl.org/ontology/bibo/
event,http://purl.org/NET/c4dm/event.owl#
geonames,http://www.geonames.org/ontology#
fb,http://rdf.freebase.com/ns/
dct,http://purl.org/dc/terms/
sc,http://purl.org/science/owl/sciencecommons/
dcmit,http://purl.org/dc/dcmitype/
md,http://www.w3.org/ns/md#
prog,http://purl.org/prog/
cc,http://creativecommons.org/ns#
pto,http://www.productontology.org/id/
doap,http://usefulinc.com/ns/doap#
vcard,http://www.w3.org/2006/vcard/ns#
rr,http://www.w3.org/ns/r2rml#
swrc,http://swrc.ontoware.org/ontology#
schema,http://schema.org/
ma,http://www.w3.org/ns/ma-ont#
dbpprop,http://dbpedia.org/property/
vann,http://purl.org/vocab/vann/
ex,http://example.org/
tl,http://purl.org/NET/c4dm/timeline.owl#
akt,http://www.aktors.org/ontology/portal#
http,http://www.w3.org/2011/http#
content,http://purl.org/rss/1.0/modules/content/
swc,http://data.semanticweb.org/ns/swc/ontology#
dbr,http://dbpedia.org/resource/
xmp,http://ns.adobe.com/xap/1.0/
fn,http://www.w3.org/2005/xpath-functions#
vs,http://www.w3.org/2003/06/sw-vocab-status/ns#
wot,http://xmlns.com/wot/0.1/
ical,http://www.w3.org/2002/12/cal/ical#
marcrel,http://id.loc.gov/vocabulary/relators/
aiiso,http://purl.org/vocab/aiiso/schema#
earl,http://www.w3.org/ns/earl#
xhtml,http://www.w3.org/1999/xhtml#
oo,http://purl.org/openorg/
gen,http://purl.org/gen/0.1#
cyc,http://sw.opencyc.org/concept/
nie,http://www.semanticdesktop.org/ontologies/2007/01/19/nie#
cv,http://rdfs.org/resume-rdf/
rel,http://purl.org/vocab/relationship/
ad,http://schemas.talis.com/2005/address/schema#
factbook,http://wifo5-04.informatik.uni-mannheim.de/factbook/ns#
sdmxdim,http://purl.org/linked-data/sdmx/2009/dimension#
bio,http://purl.org/vocab/bio/0.1/
dc11,http://purl.org/dc/elements/1.1/
mo,http://purl.org/ontology/mo/
test2,http://this.invalid/test2#
bill,http://www.rdfabout.com/rdf/schema/usbill/
xhv,http://www.w3.org/1999/xhtml/vocab#
d2rq,http://www.wiwiss.fu-berlin.de/suhl/bizer/D2RQ/0.1#
oa,http://www.w3.org/ns/oa#
rdfg,http://www.w3.org/2004/03/trix/rdfg-1/
og,http://ogp.me/ns#
pc,http://purl.org/procurement/public-contracts#
daia,http://purl.org/ontology/daia/
air,http://dig.csail.mit.edu/TAMI/2007/amord/air#
co,http://rhizomik.net/ontologies/copyrightonto.owl#
log,http://www.w3.org/2000/10/swap/log#
media,http://search.yahoo.com/searchmonkey/media/
crm,http://www.cidoc-crm.org/cidoc-crm/
photoshop,http://ns.adobe.com/photoshop/1.0/
tzont,http://www.w3.org/2006/timezone#
cs,http://purl.org/vocab/changeset/schema#
book,http://purl.org/NET/book/vocab#
admin,http://webns.net/mvcb/
ctag,http://commontag.org/ns#
biblio,http://purl.org/net/biblio#
dv,http://rdf.data-vocabulary.org/#
ir,http://www.ontologydesignpatterns.org/cp/owl/informationrealization.owl#
con,http://www.w3.org/2000/10/swap/pim/contact#
tag,http://www.holygoat.co.uk/owl/redwood/0.1/tags/
days,http://ontologi.es/days#
wfs,http://schemas.opengis.net/wfs/
botany,http://purl.org/NET/biol/botany#
afn,http://jena.hpl.hp.com/ARQ/function#
musim,http://purl.org/ontology/similarity/
osag,http://www.ordnancesurvey.co.uk/ontology/AdministrativeGeography/v2.0/AdministrativeGeography.rdf#
cal,http://www.w3.org/2002/12/cal/ical#
cld,http://purl.org/cld/terms/
dir,http://schemas.talis.com/2005/dir/schema#
sr,http://www.openrdf.org/config/repository/sail#
ome,http://purl.org/ontomedia/core/expression#
dcterm,http://purl.org/dc/terms/
xfn,http://gmpg.org/xfn/11#
reco,http://purl.org/reco#
mu,http://mu.semte.ch/vocabularies/core/
myspace,http://purl.org/ontology/myspace#
af,http://purl.org/ontology/af/
cmp,http://www.ontologydesignpatterns.org/cp/owl/componency.owl#
sism,http://purl.oclc.org/NET/sism/0.1/
time,http://www.w3.org/2006/time#
dcq,http://purl.org/dc/qualifiers/1.0/
xf,http://www.w3.org/2002/xforms/
xs,http://www.w3.org/2001/XMLSchema#
exif,http://www.w3.org/2003/12/exif/ns#
lomvoc,http://ltsc.ieee.org/rdf/lomv1p0/vocabulary#
rif,http://www.w3.org/2007/rif#
dcn,http://www.w3.org/2007/uwa/context/deliverycontext.owl#
memo,http://ontologies.smile.deri.ie/2009/02/27/memo#
giving,http://ontologi.es/giving#
rev,http://purl.org/stuff/rev#
sdmxa,http://purl.org/linked-data/sdmx/2009/attribute#
ok,http://okkam.org/terms#
math,http://www.w3.org/2000/10/swap/math#
swande,http://purl.org/swan/1.2/discourse-elements/
swanq,http://purl.org/swan/1.2/qualifiers/
owlim,http://www.ontotext.com/trree/owlim#
cfp,http://sw.deri.org/2005/08/conf/cfp.owl#
xsi,http://www.w3.org/2001/XMLSchema-instance#
jdbc,http://d2rq.org/terms/jdbc/
gn,http://www.geonames.org/ontology#
frbr,http://purl.org/vocab/frbr/core#
ov,http://open.vocab.org/terms/
as,http://www.w3.org/ns/activitystreams#
swrcfe,http://www.morelab.deusto.es/ontologies/swrcfe#
om,http://opendata.caceres.es/def/ontomunicipio#
swrl,http://www.w3.org/2003/11/swrl#
type,http://info.deepcarbon.net/schema/type#
swrlb,http://www.w3.org/2003/11/swrlb#
bf,http://bibframe.org/vocab/
sioct,http://rdfs.org/sioc/types#
cnt,http://www.w3.org/2011/content#
cert,http://www.w3.org/ns/auth/cert#
gtfs,http://vocab.gtfs.org/terms#
siocserv,http://rdfs.org/sioc/services#
adms,http://www.w3.org/ns/adms#
drugbank,http://www4.wiwiss.fu-berlin.de/drugbank/resource/drugbank/
voaf,http://purl.org/vocommons/voaf#
sdmx,http://purl.org/linked-data/sdmx#
sf,http://www.opengis.net/ont/sf#
nfo,http://www.semanticdesktop.org/ontologies/2007/03/22/nfo#
omn,http://open-multinet.info/ontology/omn#
ptr,http://www.w3.org/2009/pointers#
ac,http://umbel.org/umbel/ac/
fabio,http://purl.org/spar/fabio/
isbd,http://iflastandards.info/ns/isbd/elements/
prism,http://prismstandard.org/namespaces/basic/2.0/
openlinks,http://www.openlinksw.com/schemas/virtrdf#
acc,http://purl.org/NET/acc#
db,http://dbpedia.org/
geoes,http://geo.linkeddata.es/ontology/
unit,http://qudt.org/vocab/unit#
wn,http://xmlns.com/wordnet/1.6/
ldp,http://www.w3.org/ns/ldp#
rsa,http://www.w3.org/ns/auth/rsa#
geosparql,http://www.opengis.net/ont/geosparql#
lemon,http://lemon-model.net/lemon#
lyou,http://purl.org/linkingyou/
movie,http://data.linkedmdb.org/resource/movie/
ore,http://www.openarchives.org/ore/terms/
akts,http://www.aktors.org/ontology/support#
wn20schema,http://www.w3.org/2006/03/wn/wn20/schema/
sider,http://www4.wiwiss.fu-berlin.de/sider/resource/sider/
ontology,http://dbpedia.org/ontology/
acm,http://www.rkbexplorer.com/ontologies/acm#
test,http://test2.example.com/
dul,http://www.ontologydesignpatterns.org/ont/dul/DUL.owl#
umbelrc,http://umbel.org/umbel/rc/
lv,http://purl.org/lobid/lv#
eg,http://eulergui.sourceforge.net/engine.owl#
core,http://vivoweb.org/ontology/core#
service,http://purl.org/ontology/service#
po,http://purl.org/ontology/po/
loc,http://www.w3.org/2007/uwa/context/location.owl#
skosxl,http://www.w3.org/2008/05/skos-xl#
lgd,http://linkedgeodata.org/triplify/
ssn,http://purl.oclc.org/NET/ssnx/ssn#
zoology,http://purl.org/NET/biol/zoology#
nsogi,http://prefix.cc/nsogi:
aat,http://vocab.getty.edu/aat/
formats,http://www.w3.org/ns/formats/
cito,http://purl.org/spar/cito/
ignf,http://data.ign.fr/def/ignf#
uniprot,http://purl.uniprot.org/core/
prv,http://purl.org/net/provenance/ns#
room,http://vocab.deri.ie/rooms#
organism,http://eulersharp.sourceforge.net/2003/03swap/organism#
ndl,http://schemas.ogf.org/nml/2013/05/base#
swid,http://semanticweb.org/id/
music,http://musicontology.com/
sp,http://spinrdf.org/sp#
irw,http://www.ontologydesignpatterns.org/ont/web/irw.owl#
pr,http://purl.org/ontology/prv/core#
whois,http://www.kanzaki.com/ns/whois#
dcam,http://purl.org/dc/dcam/
scovo,http://purl.org/NET/scovo#
dce,http://purl.org/dc/elements/1.1/
lode,http://linkedevents.org/ontology/
qudt,http://qudt.org/1.1/schema/qudt#
daml,http://www.daml.org/2001/03/daml+oil#
java,http://www.w3.org/2007/uwa/context/java.owl#
acl,http://www.w3.org/ns/auth/acl#
wo,http://purl.org/ontology/wo/
atom,http://www.w3.org/2005/Atom/
dbpediaowl,http://dbpedia.org/ontology/
granatum,http://chem.deri.ie/granatum/
rec,http://purl.org/ontology/rec/core#
fresnel,http://www.w3.org/2004/09/fresnel#
space,http://purl.org/net/schemas/space/
pmlj,http://inference-web.org/2.0/pml-justification.owl#
spin,http://spinrdf.org/spin#
dblp,http://dblp.uni-trier.de/rdf/schema-2015-01-26#
abc,http://www.metadata.net/harmony/ABCSchemaV5Commented.rdf#
ti,http://www.ontologydesignpatterns.org/cp/owl/timeinterval.owl#
biocore,http://bio2rdf.org/core#
link,http://www.w3.org/2006/link#
sio,http://semanticscience.org/resource/
ecs,http://rdf.ecs.soton.ac.uk/ontology/ecs#
omt,http://purl.org/ontomedia/ext/common/trait#
admingeo,http://data.ordnancesurvey.co.uk/ontology/admingeo/
ya,http://blogs.yandex.ru/schema/foaf/
georss,http://www.georss.org/georss/
umbel,http://umbel.org/umbel#
user,http://schemas.talis.com/2005/user/schema#
politico,http://www.rdfabout.com/rdf/schema/politico/
doc,http://www.w3.org/2000/10/swap/pim/doc#
omb,http://purl.org/ontomedia/ext/common/being#
profiling,http://ontologi.es/profiling#
bibtex,http://purl.oclc.org/NET/nknouf/ns/bibtex#
protege,http://protege.stanford.edu/system#
oauth,http://demiblog.org/vocab/oauth#
nco,http://www.semanticdesktop.org/ontologies/2007/03/22/nco#
go,http://purl.org/obo/owl/GO#
resist,http://www.rkbexplorer.com/ontologies/resist#
mit,http://purl.org/ontology/mo/mit#
dctype,http://purl.org/dc/dcmitype/
scot,http://rdfs.org/scot/ns#
eat,http://www.eat.rl.ac.uk/#
doac,http://ramonantonio.net/doac/0.1/#
rnews,http://iptc.org/std/rNews/2011-10-07#
biol,http://purl.org/NET/biol/ns#
sesame,http://www.openrdf.org/schema/sesame#
dbprop,http://dbpedia.org/property/
gd,http://rdf.data-vocabulary.org/#
taxo,http://purl.org/rss/1.0/modules/taxonomy/
opm,http://openprovenance.org/ontology#
compass,http://purl.org/net/compass#
pmt,http://tipsy.googlecode.com/svn/trunk/vocab/pmt#
gvp,http://vocab.getty.edu/ontology#
climb,http://climb.dataincubator.org/vocabs/climb/
courseware,http://courseware.rkbexplorer.com/ontologies/courseware#
atomix,http://buzzword.org.uk/rdf/atomix#
ddc,http://purl.org/NET/decimalised#
tmo,http://www.semanticdesktop.org/ontologies/2008/05/20/tmo#
edm,http://www.europeana.eu/schemas/edm/
lfn,http://www.dotnetrdf.org/leviathan#
opensearch,http://a9.com/-/spec/opensearch/1.1/
kb,http://deductions.sf.net/ontology/knowledge_base.owl#
oc,http://opencoinage.org/rdf/
coref,http://www.rkbexplorer.com/ontologies/coref#
bio2rdf,http://bio2rdf.org/
sec,https://w3id.org/security#
conv,http://purl.org/twc/vocab/conversion/
rep,http://www.openrdf.org/config/repository#
os,http://www.w3.org/2000/10/swap/os#
cco,http://purl.org/ontology/cco/core#
usgov,http://www.rdfabout.com/rdf/schema/usgovt/
fec,http://www.rdfabout.com/rdf/schema/usfec/
myspo,http://purl.org/ontology/myspace#
disco,http://rdf-vocabulary.ddialliance.org/discovery#
meteo,http://purl.org/ns/meteo#
swivt,http://semantic-mediawiki.org/swivt/1.0#
es,http://eulersharp.sourceforge.net/2003/03swap/log-rules#
imm,http://schemas.microsoft.com/imm/
chord,http://purl.org/ontology/chord/
kwijibo,http://kwijibo.talis.com/
label,http://purl.org/net/vocab/2004/03/label#
contact,http://www.w3.org/2000/10/swap/pim/contact#
dailymed,http://www4.wiwiss.fu-berlin.de/dailymed/resource/dailymed/
audio,http://purl.org/media/audio#
omc,http://purl.org/ontomedia/ext/common/bestiary#
tgn,http://vocab.getty.edu/tgn/
nif,http://persistence.uni-leipzig.org/nlp2rdf/ontologies/nif-core#
powder,http://www.w3.org/2007/05/powder#
wdrs,http://www.w3.org/2007/05/powder-s#
sdl,http://purl.org/vocab/riro/sdl#
lx,http://purl.org/NET/lx#
am,http://vocab.deri.ie/am#
affy,http://www.affymetrix.com/community/publications/affymetrix/tmsplice#
resource,http://purl.org/vocab/resourcelist/schema#
iswc,http://annotation.semanticweb.org/2004/iswc#
eztag,http://ontologies.ezweb.morfeo-project.org/eztag/ns#
p3p,http://www.w3.org/2002/01/p3prdfv1#
awol,http://bblfish.net/work/atom-owl/2006-06-06/#
nao,http://www.semanticdesktop.org/ontologies/2007/08/15/nao#
gold,http://purl.org/linguistics/gold/
copyright,http://rhizomik.net/ontologies/copyrightonto.owl#
gndo,http://d-nb.info/standards/elementset/gnd#
ngeo,http://geovocab.org/geometry#
hcterms,http://purl.org/uF/hCard/terms/
rei,http://www.w3.org/2004/06/rei#
prj,http://purl.org/stuff/project/
nmo,http://www.semanticdesktop.org/ontologies/2007/03/22/nmo#
xro,http://purl.org/xro/ns#
sparql,http://ontologi.es/sparql#
doclist,http://www.junkwork.net/xml/DocumentList#
swandr,http://purl.org/swan/1.2/discourse-relationships/
food,http://purl.org/foodontology#
code,http://telegraphis.net/ontology/measurement/code#
irrl,http://www.ontologydesignpatterns.org/cp/owl/informationobjectsandrepresentationlanguages.owl#
lfm,http://purl.org/ontology/last-fm/
wgs84,http://www.w3.org/2003/01/geo/wgs84_pos#
wv,http://vocab.org/waiver/terms/
nexif,http://www.semanticdesktop.org/ontologies/2007/05/10/nexif#
sv,http://schemas.talis.com/2005/service/schema#
hard,http://www.w3.org/2007/uwa/context/hardware.owl#
nrl,http://www.semanticdesktop.org/ontologies/2007/08/15/nrl#
httph,http://www.w3.org/2007/ont/httph#
pmlp,http://inference-web.org/2.0/pml-provenance.owl#
gpt,http://purl.org/vocab/riro/gpt#
so,http://purl.org/ontology/symbolic-music/
ire,http://www.ontologydesignpatterns.org/cpont/ire.owl#
wordmap,http://purl.org/net/ns/wordmap#
money,http://purl.org/net/rdf-money/
worldbank,http://worldbank.270a.info/dataset/
ulan,http://vocab.getty.edu/ulan/
spl,http://spinrdf.org/spl#
xhe,http://buzzword.org.uk/rdf/xhtml-elements#
postcode,http://data.ordnancesurvey.co.uk/id/postcodeunit/
cycann,http://sw.cyc.com/CycAnnotations_v1#
swh,http://plugin.org.uk/swh-plugins/
obj,http://www.openrdf.org/rdf/2009/object#
ddl,http://purl.org/vocab/riro/ddl#
vote,http://www.rdfabout.com/rdf/schema/vote/
mf,http://www.w3.org/2001/sw/DataAccess/tests/test-manifest#
sail,http://www.openrdf.org/config/sail#
cdm,http://publications.europa.eu/ontology/cdm#
biopax,http://www.biopax.org/release/biopax-level3.owl#
hlisting,http://sindice.com/hlisting/0.1/
moat,http://moat-project.org/ns#
smf,http://topbraid.org/sparqlmotionfunctions#
sede,http://eventography.org/sede/0.1/
product,http://purl.org/commerce/product#
prissma,http://ns.inria.fr/prissma/v1#
bif,http://www.openlinksw.com/schemas/bif#
tio,http://purl.org/tio/ns#
meetup,http://www.lotico.com/meetup/
xen,http://buzzword.org.uk/rdf/xen#
scv,http://purl.org/NET/scovo#
tdb,http://jena.hpl.hp.com/2008/tdb#
sim,http://purl.org/ontology/similarity/
dbc,http://dbpedia.org/resource/Category:
spc,http://purl.org/ontomedia/core/space#
omp,http://purl.org/ontomedia/ext/common/profession#
rdfa,http://www.w3.org/ns/rdfa#
lang,http://ontologi.es/lang/core#
resex,http://resex.rkbexplorer.com/ontologies/resex#
sit,http://www.ontologydesignpatterns.org/cp/owl/situation.owl#
gso,http://www.w3.org/2006/gen/ont#
swanqs,http://purl.org/swan/1.2/qualifiers/
xl,http://langegger.at/xlwrap/vocab#
interval,http://reference.data.gov.uk/def/intervals/
dady,http://purl.org/NET/dady#
web,http://www.w3.org/2007/uwa/context/web.owl#
video,http://purl.org/media/video#
custom,http://www.openrdf.org/config/sail/custom#
swp,http://www.w3.org/2004/03/trix/swp-2/
phss,http://ns.poundhill.com/phss/1.0/
xforms,http://www.w3.org/2002/xforms/
ref,http://purl.org/vocab/relationship/
lastfm,http://purl.org/ontology/last-fm/
gob,http://purl.org/ontology/last-fm/
icaltzd,http://www.w3.org/2002/12/cal/icaltzd#
smiley,http://www.smileyontology.com/ns#
dcmitype,http://purl.org/dc/dcmitype/
lom,http://ltsc.ieee.org/rdf/lomv1p0/lom#
ezcontext,http://ontologies.ezweb.morfeo-project.org/ezcontext/ns#
ne,http://umbel.org/umbel/ne/
like,http://ontologi.es/like#
opo,http://online-presence.net/opo/ns#
ct,http://data.linkedct.org/resource/linkedct/
lifecycle,http://purl.org/vocab/lifecycle/schema#
lgdo,http://linkedgeodata.org/ontology/
pmlr,http://inference-web.org/2.0/pml-relation.owl#
site,http://ns.ontowiki.net/SysOnt/Site/
bib,http://zeitkunst.org/bibtex/0.1/bibtex.owl#
common,http://www.w3.org/2007/uwa/context/common.owl#
fed,http://www.openrdf.org/config/sail/federation#
qdoslf,http://foaf.qdos.com/lastfm/schema/
crypto,http://www.w3.org/2000/10/swap/crypto#
ping,http://purl.org/net/pingback/
dummy,http://hello.com/
dgtwc,http://data-gov.tw.rpi.edu/2009/data-gov-twc.rdf#
lotico,http://www.lotico.com/resource/
tags,http://www.holygoat.co.uk/owl/redwood/0.1/tags/
psych,http://purl.org/vocab/psychometric-profile/
net,http://www.w3.org/2007/uwa/context/network.owl#
swanco,http://purl.org/swan/1.2/swan-commons/
c4n,http://vocab.deri.ie/c4n#
states,http://www.w3.org/2005/07/aaa#
sysont,http://ns.ontowiki.net/SysOnt/
ao,http://purl.org/ontology/ao/core#
omm,http://purl.org/ontomedia/core/media#
anca,http://users.utcluj.ro/~raluca/rdf_ontologies_ralu/ralu_modified_ontology_pizzas2_0#
push,http://www.w3.org/2007/uwa/context/push.owl#
aifb,http://www.aifb.kit.edu/id/
bd,http://www.bigdata.com/rdf#
trackback,http://madskills.com/public/xml/rss/module/trackback/
sco,http://purl.org/ontology/sco#
wgs,http://www.w3.org/2003/01/geo/wgs84_pos#
sport,http://www.bbc.co.uk/ontologies/sport/
bsbm,http://www4.wiwiss.fu-berlin.de/bizer/bsbm/v01/vocabulary/
grddl,http://www.w3.org/2003/g/data-view#
lexinfo,http://www.lexinfo.net/ontology/2.0/lexinfo#
lingvoj,http://www.lingvoj.org/ontology#
pobo,http://purl.obolibrary.org/obo/
isi,http://purl.org/ontology/is/inst/
acco,http://purl.org/acco/ns#
b2bo,http://purl.org/b2bo#
h5,http://buzzword.org.uk/rdf/h5#
mysql,http://web-semantics.org/ns/mysql/
puc,http://purl.org/NET/puc#
rov,http://www.w3.org/ns/regorg#
airport,http://www.daml.org/2001/10/html/airport-ont#
frbre,http://purl.org/vocab/frbr/extended#
ibis,http://purl.org/ibis#
conserv,http://conserv.deri.ie/ontology#
wdr,http://www.w3.org/2007/05/powder#
freebase,http://rdf.freebase.com/ns/
string,http://www.w3.org/2000/10/swap/string#
ttl,http://www.w3.org/2008/turtle#
lt,http://diplomski.nelakolundzija.org/LTontology.rdf#
sawsdl,http://www.w3.org/ns/sawsdl#
tripfs,http://purl.org/tripfs/2010/02#
nid3,http://www.semanticdesktop.org/ontologies/2007/05/10/nid3#
cogs,http://vocab.deri.ie/cogs#
ist,http://purl.org/ontology/is/types/
meta,http://www.openrdf.org/rdf/2009/metadata#
ocd,http://dati.camera.it/ocd/
library,http://purl.org/library/
xhtmlvocab,http://www.w3.org/1999/xhtml/vocab/
lark1,http://users.utcluj.ro/~raluca/ontology/Ontology1279614123500.owl#
ro,http://purl.org/wf4ever/ro#
ncal,http://www.semanticdesktop.org/ontologies/2007/04/02/ncal#
wnschema,http://www.cogsci.princeton.edu/~wn/schema/
sm,http://topbraid.org/sparqlmotion#
rdac,http://rdaregistry.info/Elements/c/
urn,http://fliqz.com/
npg,http://ns.nature.com/terms/
dbpp,http://dbpedia.org/property/
game,http://data.totl.net/game/
ero,http://purl.obolibrary.org/obo/
timeline,http://purl.org/NET/c4dm/timeline.owl#
soft,http://www.w3.org/2007/uwa/context/software.owl#
geographis,http://telegraphis.net/ontology/geography/geography#
cpv,http://purl.org/weso/cpv/
prot,http://www.proteinontology.info/po.owl#
sml,http://topbraid.org/sparqlmotionlib#
oat,http://openlinksw.com/schemas/oat/
rulz,http://purl.org/NET/rulz#
conversion,http://purl.org/twc/vocab/conversion/
ps,https://w3id.org/payswarm#
gnd,http://d-nb.info/gnd/
evset,http://dsnotify.org/vocab/eventset/0.1/
pgterms,http://www.gutenberg.org/2009/pgterms/
obo,http://purl.obolibrary.org/obo/
eu,http://eulersharp.sourceforge.net/2003/03swap/log-rules#
okkam,http://models.okkam.org/ENS-core-vocabulary#
bookmark,http://www.w3.org/2002/01/bookmark#
rdagr1,http://rdvocab.info/Elements/
play,http://uriplay.org/spec/ontology/#
ass,http://uptheasset.org/ontology#
ldap,http://purl.org/net/ldap/
ui,http://www.w3.org/ns/ui#
itsrdf,http://www.w3.org/2005/11/its/rdf#
opus,http://lsdis.cs.uga.edu/projects/semdis/opus#
rdrel,http://rdvocab.info/RDARelationshipsWEMI/
list,http://www.w3.org/2000/10/swap/list#
dwc,http://rs.tdwg.org/dwc/terms/
ean,http://openean.kaufkauf.net/id/
is,http://purl.org/ontology/is/core#
cgov,http://reference.data.gov.uk/def/central-government/
act,http://www.w3.org/2007/rif-builtin-action#
apivc,http://purl.org/linked-data/api/vocab#
viaf,http://viaf.org/ontology/1.1/#
dnr,http://www.dotnetrdf.org/configuration#
efo,http://www.ebi.ac.uk/efo/
lp,http://launchpad.net/rdf/launchpad#
wairole,http://www.w3.org/2005/01/wai-rdf/GUIRoleTaxonomy#
httpvoc,http://www.w3.org/2006/http#
muto,http://purl.org/muto/core#
osgb,http://data.ordnancesurvey.co.uk/id/
cordis,http://cordis.europa.eu/projects/
osoc,http://web-semantics.org/ns/opensocial#
places,http://purl.org/ontology/places#
datafaqs,http://purl.org/twc/vocab/datafaqs#
plink,http://buzzword.org.uk/rdf/personal-link-types#
remus,http://www.semanticweb.org/ontologies/2010/6/Ontology1279614123500.owl#
eprints,http://eprints.org/ontology/
gml,http://www.opengis.net/ont/gml#
protons,http://proton.semanticweb.org/2005/04/protons#
drug,http://www.agfa.com/w3c/2009/drugTherapy#
coin,http://purl.org/court/def/2009/coin#
rail,http://ontologi.es/rail/vocab#
phil,http://philosurfical.open.ac.uk/ontology/philosurfical.owl#
arpfo,http://vocab.ouls.ox.ac.uk/projectfunding#
imreg,http://www.w3.org/2004/02/image-regions#
pimo,http://www.semanticdesktop.org/ontologies/2007/11/01/pimo#
name,http://example.org/name#
sioca,http://rdfs.org/sioc/actions#
swanci,http://purl.org/swan/1.2/citations/
asn,http://purl.org/ASN/schema/core/
pat,http://purl.org/hpi/patchr#
session,http://redfoot.net/2005/session#
pbo,http://purl.org/ontology/pbo/core#
prvtypes,http://purl.org/net/provenance/types#
wisski,http://wiss-ki.eu/
uri,http://purl.org/NET/uri#
swanag,http://purl.org/swan/1.2/agents/
txn,http://lod.taxonconcept.org/ontology/txn.owl#
swanpav,http://purl.org/swan/1.2/pav/
yoda,http://purl.org/NET/yoda#
human,http://eulersharp.sourceforge.net/2003/03swap/human#
arch,http://purl.org/archival/vocab/arch#
eco,http://www.ebusiness-unibw.org/ontologies/eclass/5.1.4/#
sl,http://www.semanlink.net/2001/00/semanlink-schema#
lvont,http://lexvo.org/ontology#
pav,http://purl.org/pav/
xbrli,http://www.xbrl.org/2003/instance#
muo,http://purl.oclc.org/NET/muo/muo#
pml,http://provenanceweb.org/ns/pml#
pdo,http://ontologies.smile.deri.ie/pdo#
agents,http://eulersharp.sourceforge.net/2003/03swap/agent#
nsa,http://multimedialab.elis.ugent.be/organon/ontologies/ninsuna#
xesam,http://freedesktop.org/standards/xesam/1.0/core#
geospecies,http://rdf.geospecies.org/ont/geospecies#
evopat,http://ns.aksw.org/Evolution/
vsr,http://purl.org/twc/vocab/vsr#
linkedct,http://data.linkedct.org/vocab/
com,http://purl.org/commerce#
kontakt,http://richard.cyganiak.de/
enc,http://www.w3.org/2001/04/xmlenc#
person,http://www.w3.org/ns/person#
isq,http://purl.org/ontology/is/quality/
pmlt,http://inference-web.org/2.0/pml-trust.owl#
tarot,http://data.totl.net/tarot/card/
ub,http://www.lehigh.edu/~zhp2/2004/0401/univ-bench.owl#
ceo,http://www.ebusiness-unibw.org/ontologies/consumerelectronics/v1#
dita,http://purl.org/dita/ns#
dbnary,http://kaiko.getalp.org/dbnary#
card,http://www.ashutosh.com/test/
agetec,http://www.agetec.org/
address,http://schemas.talis.com/2005/address/schema#
res,http://dbpedia.org/resource/
geodata,http://sws.geonames.org/
status,http://ontologi.es/status#
rooms,http://vocab.deri.ie/rooms#
languages,http://eulersharp.sourceforge.net/2003/03swap/languages#
cmo,http://purl.org/twc/ontologies/cmo.owl#
opmv,http://purl.org/net/opmv/ns#
vitro,http://vitro.mannlib.cornell.edu/ns/vitro/public#
gridworks,http://purl.org/net/opmv/types/gridworks#
cube,http://purl.org/linked-data/cube#
dgfoaf,http://west.uni-koblenz.de/ontologies/2010/07/dgfoaf.owl#
posh,http://poshrdf.org/ns/posh/
olia,http://purl.org/olia/olia.owl#
care,http://eulersharp.sourceforge.net/2003/03swap/care#
olo,http://purl.org/ontology/olo/core#
payment,http://reference.data.gov.uk/def/payment#
search,http://sindice.com/vocab/search#
oslc,http://open-services.net/ns/core#
inno,http://purl.org/innovation/ns#
ccom,http://purl.org/ontology/cco/mappings#
agg,http://purl.org/twc/health/vocab/aggregate/
dayta,http://dayta.me/resource#
mods,http://www.loc.gov/mods/v3#
derecho,http://purl.org/derecho#
isothes,http://purl.org/iso25964/skos-thes#
pro,http://purl.org/hpi/patchr#
xkos,http://rdf-vocabulary.ddialliance.org/xkos#
marl,http://www.gsi.dit.upm.es/ontologies/marl/ns#
wordnet,http://purl.org/vocabularies/princeton/wordnet/schema#
zem,http://s.zemanta.com/ns#
gsp,http://www.opengis.net/ont/geosparql#
hydra,http://www.w3.org/ns/hydra/core#
nndsr,http://semanticdiet.com/schema/usda/nndsr/
fab,http://purl.org/fab/ns#
c4o,http://purl.org/spar/c4o/
cos,http://www.inria.fr/acacia/corese#
esd,http://def.esd.org.uk/
ospost,http://data.ordnancesurvey.co.uk/ontology/postcode/
loticoowl,http://www.lotico.com/ontology/
cheminf,http://www.semanticweb.org/ontologies/cheminf.owl#
nt,http://ns.inria.fr/nicetag/2010/09/09/voc#
hemogram,http://www.agfa.com/w3c/2009/hemogram#
webtlab,http://webtlab.it.uc3m.es/
sindice,http://vocab.sindice.net/
xfnv,http://vocab.sindice.com/xfn#
locn,http://www.w3.org/ns/locn#
dso,http://purl.org/ontology/dso#
oboro,http://obofoundry.org/ro/ro.owl#
gv,http://rdf.data-vocabulary.org/#
mei,http://www.music-encoding.org/ns/mei/
idemo,http://rdf.insee.fr/def/demo#
ann,http://www.w3.org/2000/10/annotation-ns#
cerif,http://spi-fm.uca.es/neologism/cerif#
organiz,http://eulersharp.sourceforge.net/2003/03swap/organization#
req,http://purl.org/req/
gc,http://www.oegov.org/core/owl/gc#
ogp,http://ogp.me/ns#
example,http://www.example.org/rdf#
bte,http://purl.org/twc/vocab/between-the-edges/
dnb,http://d-nb.info/gnd/
opwn,http://www.ontologyportal.org/WordNet.owl#
wlp,http://weblab-project.org/core/model/property/processing/
aair,http://xmlns.notu.be/aair#
elog,http://eulersharp.sourceforge.net/2003/03swap/log-rules#
hospital,http://www.agfa.com/w3c/2009/hospital#
voag,http://voag.linkedmodel.org/schema/voag#
coo,http://purl.org/coo/ns#
xsl,http://www.w3.org/1999/XSL/Transform#
rdau,http://rdaregistry.info/Elements/u/
zbwext,http://zbw.eu/namespaces/zbw-extensions/
oboe,http://ecoinformatics.org/oboe/oboe.1.0/oboe-core.owl#
r2r,http://www4.wiwiss.fu-berlin.de/bizer/r2r/
arg,http://rdfs.org/sioc/argument#
fowl,http://www.w3.org/TR/2003/PR-owl-guide-20031209/food#
vso,http://purl.org/vso/ns#
aapi,http://rdf.alchemyapi.com/rdf/v1/s/aapi-schema#
gelo,http://krauthammerlab.med.yale.edu/ontologies/gelo#
quak,http://dev.w3.org/cvsweb/2000/quacken/vocab#
muni,http://vocab.linkeddata.es/urbanismo-infraestructuras/territorio#
theatre,http://purl.org/theatre#
bioskos,http://eulersharp.sourceforge.net/2003/03swap/bioSKOSSchemes#
genab,http://eulersharp.sourceforge.net/2003/03swap/genomeAbnormality#
oboso,http://purl.org/obo/owl/SO#
wgspos,http://www.w3.org/2003/01/geo/wgs84_pos#
cidoc,http://erlangen-crm.org/current/
linkedmdb,http://data.linkedmdb.org/sparql/
blt,http://www.bl.uk/schemas/bibliographic/blterms#
provenir,http://knoesis.wright.edu/provenir/provenir.owl#
govtrackus,http://www.rdfabout.com/rdf/usgov/geo/us/
ncbitaxon,http://purl.org/obo/owl/NCBITaxon#
mygrid,http://www.mygrid.org.uk/ontology#
w3p,http://prov4j.org/w3p/
gazetteer,http://data.ordnancesurvey.co.uk/ontology/50kGazetteer/
rdam,http://rdaregistry.info/Elements/m/
kdo,http://kdo.render-project.eu/kdo#
tcga,http://purl.org/tcga/core#
spatial,http://geovocab.org/spatial#
ludo,http://ns.inria.fr/ludo/v1#
rdaa,http://rdaregistry.info/Elements/a/
odp,http://ontologydesignpatterns.org/
ens,http://models.okkam.org/ENS-core-vocabulary.owl#
prefix,http://prefix.cc/
toby,http://tobyinkster.co.uk/#
clineva,http://www.agfa.com/w3c/2009/clinicalEvaluation#
life,http://life.deri.ie/schema/
ufmedia,http://purl.org/microformat/hmedia/
decl,http://www.linkedmodel.org/1.0/schema/decl#
pay,http://reference.data.gov.uk/def/payment#
pos,http://www.w3.org/2003/01/geo/wgs84_pos#
teach,http://linkedscience.org/teach/ns#
pccz,http://purl.org/procurement/public-contracts-czech#
edam,http://purl.bioontology.org/ontology/EDAM/
br,http://vocab.deri.ie/br#
dt,http://dbpedia.org/datatype/
rdo,http://purl.org/rdo/ns#
uco,http://purl.org/uco/ns#
atomowl,http://bblfish.net/work/atom-owl/2006-06-06/#
exterms,http://www.example.org/terms/
pf,http://jena.hpl.hp.com/ARQ/property#
govwild,http://govwild.org/0.6/GWOntology.rdf/
dcr,http://www.isocat.org/ns/dcr.rdf#
owls,http://www.daml.org/services/owl-s/1.2/Service.owl#
owltime,http://www.w3.org/TR/owl-time#
enhancer,http://stanbol.apache.org/ontology/enhancer/enhancer#
span,http://www.ifomis.org/bfo/1.1/span#
nocal,http://vocab.deri.ie/nocal#
uni,http://purl.org/weso/uni/uni.html#
aneo,http://akonadi-project.org/ontologies/aneo#
agent,http://eulersharp.sourceforge.net/2003/03swap/agent#
hartigprov,http://purl.org/net/provenance/ns#
arecipe,http://purl.org/amicroformat/arecipe/
qa,http://www.mit.jyu.fi/ai/TRUST_Ontologies/QA.owl#
deo,http://purl.org/spar/deo/
dbpo,http://dbpedia.org/ontology/
healthcare,http://www.agfa.com/w3c/2009/healthCare#
fise,http://fise.iks-project.eu/ontology/
cao,http://purl.org/makolab/caont/
dis,http://stanbol.apache.org/ontology/disambiguation/disambiguation#
s4ac,http://ns.inria.fr/s4ac/v2#
rlog,http://persistence.uni-leipzig.org/nlp2rdf/ontologies/rlog#
skip,http://skipforward.net/skipforward/resource/
pns,http://data.press.net/ontology/stuff/
humanbody,http://eulersharp.sourceforge.net/2003/03swap/humanBody#
fc,http://www.freeclass.eu/freeclass_v1#
calli,http://callimachusproject.org/rdf/2009/framework#
igeo,http://rdf.insee.fr/def/geo#
prvr,http://purl.org/ontology/prv/rules#
dtype,http://www.linkedmodel.org/schema/dtype#
city,http://datos.localidata.com/def/City#
wbc,http://worldbank.270a.info/classification/
dive,http://scubadive.networld.to/dive.rdf#
events,http://eulersharp.sourceforge.net/2003/03swap/event#
tr,http://www.thomsonreuters.com/
xds,http://www.w3.org/2001/XMLSchema#
wikipedia,http://wikipedia.no/rdf/
dco,http://info.deepcarbon.net/schema#
frir,http://purl.org/twc/ontology/frir.owl#
jita,http://aims.fao.org/aos/jita/
bne,http://datos.bne.es/resource/
scsv,http://purl.org/NET/schema-org-csv#
ms,http://purl.org/obo/owl/MS#
scowt,http://purl.org/weso/ontologies/scowt#
wfdesc,http://purl.org/wf4ever/wfdesc#
wbp,http://worldbank.270a.info/property/
bing,http://bing.com/schema/media/
countries,http://eulersharp.sourceforge.net/2003/03swap/countries#
metalex,http://www.metalex.eu/schema/1.0#
artstor,http://simile.mit.edu/2003/10/ontologies/artstor#
pom,http://maven.apache.org/POM/4.0.0#
visit,http://purl.org/net/vocab/2004/07/visit#
fls,http://lukasblaho.sk/football_league_schema#
out,http://ontologies.hypios.com/out#
cro,http://rhizomik.net/ontologies/copyrightonto.owl#
wai,http://purl.org/wai#
rlno,http://rdflivenews.aksw.org/ontology/
ppo,http://vocab.deri.ie/ppo#
fd,http://foodable.co/ns/
fcm,http://eulersharp.sourceforge.net/2006/02swap/fcm#
lctr,http://data.linkedct.org/vocab/resource/
hgnc,http://bio2rdf.org/hgnc:
mte,http://nl.ijs.si/ME/owl/
infosys,http://www.infosys.com/
lex,http://purl.org/lex#
semtweet,http://semantictweet.com/
sdo,http://schema.org/
intervals,http://reference.data.gov.uk/def/intervals/
wm,http://ns.inria.fr/webmarks#
iao,http://purl.obolibrary.org/obo/iao.owl#
rad,http://www.w3.org/ns/rad#
osn,http://spatial.ucd.ie/lod/osn/
admssw,http://purl.org/adms/sw/
rda,http://www.rdaregistry.info/
wao,http://webtlab.it.uc3m.es/2010/10/WebAppsOntology#
greg,http://kasei.us/about/foaf.xrdf#
lr,http://linkedrecipes.org/schema/
units,http://eulersharp.sourceforge.net/2003/03swap/units#
tei,http://www.tei-c.org/ns/1.0/
htir,http://www.w3.org/2011/http#
nytimes,http://data.nytimes.com/elements/
cidoccrm,http://purl.org/NET/cidoc-crm/core#
algo,http://securitytoolbox.appspot.com/securityAlgorithms#
oax,http://www.w3.org/ns/openannotation/extensions/
pol,http://escience.rpi.edu/ontology/semanteco/2/0/pollution.owl#
vivo,http://vivoweb.org/ontology/core#
bp,http://open-services.net/ns/basicProfile#
geom,http://data.ign.fr/def/geometrie#
spif,http://spinrdf.org/spif#
purl,http://www.purl.org/
xml,http://www.w3.org/XML/1998/namespace/
fl,http://eulersharp.sourceforge.net/2003/03swap/fl-rules#
clinproc,http://www.agfa.com/w3c/2009/clinicalProcedure#
sgv,http://www.w3.org/TR/SVG/
environ,http://eulersharp.sourceforge.net/2003/03swap/environment#
commons,http://commons.psi.enakting.org/def/
omv,http://omv.ontoware.org/2005/05/ontology#
pronom,http://reference.data.gov.uk/technical-registry/
wfprov,http://purl.org/wf4ever/wfprov#
ekaw,http://data.semanticweb.org/conference/ekaw/2012/complete/
pkmn,http://pokedex.dataincubator.org/pkm/
coeus,http://bioinformatics.ua.pt/coeus/
emotion,http://ns.inria.fr/emoca#
agrelon,http://d-nb.info/standards/elementset/agrelon#
ple,http://pleiades.stoa.org/places/
pext,http://www.ontotext.com/proton/protonext#
cpm,http://catalogus-professorum.org/cpm/
flow,http://www.w3.org/2005/01/wf/flow#
un,http://www.w3.org/2007/ont/unit#
rating,http://www.tvblob.com/ratings/#
frapo,http://purl.org/cerif/frapo/
gxa,http://www.ebi.ac.uk/gxa/
ogorg,http://opengraph.org/schema/
hcard,http://purl.org/uF/hCard/terms/
oper,http://sweet.jpl.nasa.gov/2.0/mathOperation.owl#
dsp,http://purl.org/metainfo/terms/dsp#
rv,http://wifo-ravensburg.de/semanticweb.rdf#
ipad,http://www.padinthecity.com/
myprefix,http://myprefix.org/
health,http://purl.org/twc/health/vocab/
ngeoi,http://vocab.lenka.no/geo-deling#
nxp,http://purl.org/nxp/schema/v1/
re,http://www.w3.org/2000/10/swap/reason#
shv,http://ns.aksw.org/spatialHierarchy/
xch,http://oanda2rdf.appspot.com/xch/
aersv,http://aers.data2semantics.org/vocab/
wp,http://vocabularies.wikipathways.org/wp#
oac,http://www.openannotation.org/ns/
transit,http://vocab.org/transit/terms/
hxl,http://hxl.humanitarianresponse.info/ns/#
aims,http://aims.fao.org/aos/common/
cex,http://purl.org/weso/computex/ontology#
wf,http://www.w3.org/2005/01/wf/flow#
ccard,http://purl.org/commerce/creditcard#
fingal,http://vocab.deri.ie/fingal#
crtv,http://open-services.net/ns/crtv#
l4a,http://labels4all.info/ns/
func,http://www.w3.org/2007/rif-builtin-function#
mime,https://www.iana.org/assignments/media-types/
set,http://www.w3.org/2000/10/swap/set#
aos,http://rdf.muninn-project.org/ontologies/appearances#
pne,http://data.press.net/ontology/event/
opmw,http://www.opmw.org/ontology/
rdfdf,http://www.openlinksw.com/virtrdf-data-formats#
aerols,http://xmlns.com/aerols/0.1/
carfo,http://purl.org/carfo#
role,https://w3id.org/role/
aigp,http://swat.cse.lehigh.edu/resources/onto/aigp.owl#
bcnnorms,http://datos.bcn.cl/ontologies/bcn-norms#
soap,http://www.w3.org/2003/05/soap-envelope/
goef,http://purl.org/twc/vocab/goef#
protegedc,http://protege.stanford.edu/plugins/owl/dc/protege-dc.owl#
bbc,http://www.bbc.co.uk/ontologies/news/
saxon,http://saxon.sf.net/
campsite,http://www.openlinksw.com/campsites/schema#
kupkb,http://www.e-lico.eu/data/kupkb/
sql,http://ns.inria.fr/ast/sql#
p20,http://zbw.eu/beta/p20/vocab/
fct,http://openlinksw.com/services/facets/1.0/
namespaces,https://vg.no/
quantities,http://eulersharp.sourceforge.net/2003/03swap/quantitiesExtension#
dssn,http://purl.org/net/dssn/
dl,http://ontology.ip.rm.cnr.it/ontologies/DOLCE-Lite#
tmpl,http://purl.org/restdesc/http-template#
wscaim,http://www.openk.org/wscaim.owl#
ends,http://labs.mondeca.com/vocab/endpointStatus#
geof,http://www.opengis.net/def/function/geosparql/
osr,http://dati.senato.it/osr/
sig,http://purl.org/signature#
eye,http://jena.hpl.hp.com/Eyeball#
sdgp,http://stats.data-gov.ie/property/
vaem,http://www.linkedmodel.org/schema/vaem#
mtecore,http://purl.org/olia/mte/multext-east.owl#
sem,http://semanticweb.cs.vu.nl/2009/11/sem/
kw,http://kwantu.net/kw/
pna,http://data.press.net/ontology/asset/
identity,http://purl.org/twc/ontologies/identity.owl#
iot,http://www.linkedthings.com/iot/
c4dm,http://purl.org/NET/c4dm/event.owl#
d2r,http://sites.wiwiss.fu-berlin.de/suhl/bizer/d2r-server/config.rdf#
mpeg7,http://rhizomik.net/ontologies/2005/03/Mpeg7-2001.owl#
cdtype,http://purl.org/cld/cdtype/
tripfs2,http://purl.org/tripfs/2010/06#
nuts,http://dd.eionet.europa.eu/vocabulary/common/nuts/
xt,http://purl.org/twc/vocab/cross-topix#
biordf,http://purl.org/net/biordfmicroarray/ns#
cb,http://cbasewrap.ontologycentral.com/vocab#
hints2005,http://purl.org/twc/cabig/model/HINTS2005-1.owl#
hg,http://www.holygoat.co.uk/owl/redwood/0.1/tags/
atomrdf,http://atomowl.org/ontologies/atomrdf#
oj,http://ontojob.at/
category,http://dbpedia.org/resource/Category:
wapp,http://ns.rww.io/wapp#
lod2,http://lod2.eu/schema/
genea,http://www.owl-ontologies.com/generations.owl#
rec54,http://www.w3.org/2001/02pd/rec54.rdf#
httpm,http://www.w3.org/2011/http-methods#
diseasome,http://www4.wiwiss.fu-berlin.de/diseasome/resource/diseasome/
wfm,http://purl.org/net/wf-motifs#
wikidata,http://www.wikidata.org/entity/
grs,http://www.georss.org/georss/
reve,http://data.eurecom.fr/ontology/reve#
hifm,http://purl.org/net/hifm/data#
recipe,http://linkedrecipes.org/schema/
doco,http://purl.org/spar/doco/
visko,http://trust.utep.edu/visko/ontology/visko-operator-v3.owl#
malignneo,http://www.agfa.com/w3c/2009/malignantNeoplasm#
open,http://open.vocab.org/terms/
place,http://purl.org/ontology/places/
dbyago,http://dbpedia.org/class/yago/
prolog,http://eulersharp.sourceforge.net/2003/03swap/prolog#
iron,http://purl.org/ontology/iron#
vocab,http://rdf.ontology2.com/vocab#
gesis,http://lod.gesis.org/lodpilot/ALLBUS/vocab.rdf#
frbrcore,http://purl.org/vocab/frbr/core#
marshall,http://sites.google.com/site/xgmaitc/
ic,http://imi.go.jp/ns/core/rdf#
bcncon,http://datos.bcn.cl/ontologies/bcn-congress#
zoomaterms,http://rdf.ebi.ac.uk/vocabulary/zooma/
np,http://www.nanopub.org/nschema#
telix,http://purl.org/telix#
b2rpubchem,http://bio2rdf.org/ns/ns/ns/pubchem#
penn,http://purl.org/olia/penn.owl#
s2s,http://escience.rpi.edu/ontology/sesf/s2s/4/0/
osmsemnet,http://spatial.ucd.ie/2012/08/osmsemnet/
lh,http://vocab.inf.ed.ac.uk/library/holdings#
chebi,http://bio2rdf.org/chebi:
orca,http://geni-orca.renci.org/owl/topology.owl#
gfo,http://www.onto-med.de/ontologies/gfo.owl#
moby,http://www.mygrid.org.uk/mygrid-moby-service#
rpubl,http://rinfo.lagrummet.se/ns/2008/11/rinfo/publ#
sioctypes,http://rdfs.org/sioc/types#
daiaserv,http://purl.org/ontology/daia/Service/
lgv,http://linkedgeodata.org/ontology/
coun,http://www.daml.org/2001/09/countries/iso-3166-ont#
sci,http://data.scientology.org/ns/
transmed,http://www.w3.org/2001/sw/hcls/ns/transmed/
okg,http://openknowledgegraph.org/ontology/
xmls,http://www.w3.org/2001/XMLSchema#
xlink,http://www.w3.org/1999/xlink/
overheid,http://standaarden.overheid.nl/owms/
poder,http://poderopedia.com/vocab/
frad,http://iflastandards.info/ns/fr/frad/
odcs,http://opendata.cz/infrastructure/odcleanstore/
str,http://nlp2rdf.lod2.eu/schema/string/
fea,http://vocab.data.gov/def/fea#
eseduc,http://www.purl.org/ontologia/eseduc#
occult,http://data.totl.net/occult/
dcm,http://dcm.com/
prf,http://www.openmobilealliance.org/tech/profiles/UAPROF/ccppschema-20021212#
iso,http://purl.org/iso25964/skos-thes#
camelot,http://vocab.ox.ac.uk/camelot#
dbt,http://dbpedia.org/resource/Template:
npgd,http://ns.nature.com/datasets/
npgg,http://ns.nature.com/graphs/
geovocab,http://geovocab.org/
bcnbio,http://datos.bcn.cl/ontologies/bcn-biographies#
omapi,http://purl.org/omapi/0.2/#
pam,http://prismstandard.org/namespaces/pam/2.0/
geofla,http://data.ign.fr/ontologies/geofla#
prism21,http://prismstandard.org/namespaces/basic/2.1/
kbp,http://tackbp.org/2013/ontology#
rdaw,http://rdaregistry.info/Elements/w/
eumida,http://data.kasabi.com/dataset/eumida/terms/
laposte,http://data.lirmm.fr/ontologies/laposte#
cold,http://purl.org/configurationontology#
no,http://km.aifb.kit.edu/projects/numbers/number#
puelia,http://kwijibo.talis.com/vocabs/puelia#
rich,http://rdf.data-vocabulary.org/
osukdt,http://www.ordnancesurvey.co.uk/ontology/Datatypes.owl#
cts2,http://schema.omg.org/spec/CTS2/1.0/
ebu,http://semantic.eurobau.com/eurobau-utility.owl#
premis,http://www.loc.gov/premis/rdf/v1#
emp,http://purl.org/ctic/empleo/oferta#
alchemy,http://rdf.alchemyapi.com/rdf/v1/s/aapi-schema#
centrifuge,http://purl.org/twc/vocab/centrifuge#
wiki,http://en.wikipedia.org/wiki/
germplasm,http://purl.org/germplasm/terms#
mohammad,http://manesht.ir/
dawgt,http://www.w3.org/2001/sw/DataAccess/tests/test-dawg#
l4lod,http://ns.inria.fr/l4lod/v2/
bsb,http://opacplus.bsb-muenchen.de/title/
vcardx,http://buzzword.org.uk/rdf/vcardx#
npgx,http://ns.nature.com/extensions/
nsl,http://purl.org/ontology/storyline/
ql,http://www.w3.org/2004/ql#
tvc,http://www.essepuntato.it/2012/04/tvc/
bm,http://bio2rdf.org/
skiresort,http://www.openlinksw.com/ski_resorts/schema#
wsc,http://www.openk.org/wscaim.owl#
eui,http://institutions.publicdata.eu/#
osp,http://data.lirmm.fr/ontologies/osp#
mrel,http://id.loc.gov/vocabulary/relators/
gbv,http://purl.org/ontology/gbv/
wi,http://purl.org/ontology/wi/core#
faldo,http://biohackathon.org/resource/faldo#
stream,http://dbpedia.org/ontology/Stream/
ecb,http://ecb.270a.info/class/1.0/
vsto,http://escience.rpi.edu/ontology/vsto/2/0/vsto.owl#
qrl,http://www.aifb.kit.edu/project/ld-retriever/qrl#
nyt,http://data.nytimes.com/
graffle,http://purl.org/twc/vocab/vsr/graffle#
lldr,http://purl.oclc.org/NET/lldr/ns#
ec,http://eulergui.sourceforge.net/contacts.owl.n3#
vrank,http://purl.org/voc/vrank#
prvt,http://purl.org/net/provenance/types#
mil,http://rdf.muninn-project.org/ontologies/military#
vsw,http://verticalsearchworks.com/ontology/
swpo,http://sw-portal.deri.org/ontologies/swportal#
lcy,http://purl.org/vocab/lifecycle/schema#
lexvo,http://lexvo.org/ontology#
rssynd,http://web.resource.org/rss/1.0/modules/syndication/
sso,http://nlp2rdf.lod2.eu/schema/sso/
tblcard,http://www.w3.org/People/Berners-Lee/card#
eunis,http://eunis.eea.europa.eu/rdf/species-schema.rdf#
wkd,http://schema.wolterskluwer.de/
dpl,http://dbpedialite.org/things/
r4ta,http://ns.inria.fr/ratio4ta/v1#
webbox,http://webbox.ecs.soton.ac.uk/ns#
italy,http://data.kasabi.com/dataset/italy/schema/
w3con,http://www.w3.org/2000/10/swap/pim/contact#
ling,http://purl.org/voc/ling/
oecd,http://oecd.270a.info/dataset/
ecpo,http://purl.org/ontology/ecpo#
dcite,http://purl.org/spar/datacite/
ds,http://purl.org/ctic/dcat#
cf,http://mmisw.org/ont/cf/parameter/
qud,http://qudt.org/1.1/schema/qudt#
wsl,http://www.wsmo.org/ns/wsmo-lite#
scms,http://ns.aksw.org/scms/annotations/
dvia,http://data.eurecom.fr/ontology/dvia#
cvbase,http://purl.org/captsolo/resume-rdf/0.2/base#
psh,http://psh.techlib.cz/skos/
aers,http://aers.data2semantics.org/resource/
article,http://ogp.me/ns/article#
rdacarrier,http://rdvocab.info/termList/RDACarrierType/
fos,http://futurios.org/fos/spec/
wl,http://www.wsmo.org/ns/wsmo-lite#
cpa,http://www.ontologydesignpatterns.org/schemas/cpannotationschema.owl#
cis,http://purl.org/NET/cloudisus#
curr,https://w3id.org/cc#
nidm,http://nidm.nidash.org/
infection,http://www.agfa.com/w3c/2009/infectiousDisorder#
csm,http://purl.org/csm/1.0#
rso,http://www.researchspace.org/ontology/
telmap,http://purl.org/telmap/
rdamedia,http://rdvocab.info/termList/RDAMediaType/
mm,http://linkedmultimedia.org/sparql-mm/ns/2.0.0/function#
pso,http://purl.org/spar/pso/
te,http://www.w3.org/2006/time-entry#
bwb,http://doc.metalex.eu/bwb/ontology/
dctypes,http://purl.org/dc/dcmitype/
stac,http://securitytoolbox.appspot.com/stac#
onyx,http://www.gsi.dit.upm.es/ontologies/onyx/ns#
lodac,http://lod.ac/ns/lodac#
paia,http://purl.org/ontology/paia#
voidp,http://www.enakting.org/provenance/voidp/
oarj,http://opendepot.org/reference/linked/1.0/
r2rml,http://www.w3.org/ns/r2rml#
crv,http://purl.org/twc/vocab/datacarver#
vsws,http://verticalsearchworks.com/ontology/synset#
dqm,http://purl.org/dqm-vocabulary/v1/dqm#
rdarole,http://rdvocab.info/roles/
wf4ever,http://purl.org/wf4ever/wf4ever#
mads,http://www.loc.gov/mads/rdf/v1#
rdacontent,http://rdvocab.info/termList/RDAContentType/
mp,http://jicamaro.info/mp#
archdesc,http://archdesc.info/archEvent#
dcndl,http://ndl.go.jp/dcndl/terms/
harrisons,http://harrisons.cc/
twaapi,http://purl.org/twc/vocab/aapi-schema#
fcp,http://www.newmedialab.at/fcp/
qb4o,http://purl.org/olap#
scufl2,http://ns.taverna.org.uk/2010/scufl2#
qvoc,http://mlode.nlp2rdf.org/quranvocab#
comm,http://vocab.resc.info/communication#
opl,http://openlinksw.com/schema/attribution#
fincaselaw,http://purl.org/finlex/schema/oikeus/
w3po,http://purl.org/provenance/w3p/w3po#
strdf,http://strdf.di.uoa.gr/ontology#
bibframe,http://bibframe.org/vocab/
won,http://purl.org/webofneeds/model#
water,http://escience.rpi.edu/ontology/semanteco/2/0/water.owl#
rlnr,http://rdflivenews.aksw.org/resource/
iol,http://www.ontologydesignpatterns.org/ont/dul/IOLite.owl#
pkgsrc,http://pkgsrc.co/schema#
cosmo,http://purl.org/ontology/cosmo#
disease,http://www.agfa.com/w3c/2009/humanDisorder#
swpatho,http://swpatho.ag-nbi.de/context/meta.owl#
msr,http://www.telegraphis.net/ontology/measurement/measurement#
steel,http://ontorule-project.eu/resources/steel-30#
ptop,http://www.ontotext.com/proton/protontop#
tisc,http://observedchange.com/tisc/ns#
osspr,http://data.ordnancesurvey.co.uk/ontology/spatialrelations/
part,http://purl.org/vocab/participation/schema#
conf,http://richard.cyganiak.de/2007/pubby/config.rdf#
rdae,http://rdaregistry.info/Elements/e/
swperson,http://data.semanticweb.org/person/
up,http://users.ugent.be/~tdenies/up/
daisy,http://www.daisy.org/z3998/2012/vocab/
api,http://purl.org/linked-data/api/vocab#
odv,http://reference.data.gov.uk/def/organogram/
moac,http://observedchange.com/moac/ns#
wikterms,http://wiktionary.dbpedia.org/terms/
finlaw,http://purl.org/finlex/schema/laki/
hlygt,http://www.holygoat.co.uk/owl/redwood/0.1/tags/
viskov,http://trust.utep.edu/visko/ontology/visko-view-v3.owl#
sdmxd,http://purl.org/linked-data/sdmx/2009/dimension#
jjd,http://www.joshuajeeson.com/
rdarel,http://rdvocab.info/RDARelationshipsWEMI/
roevo,http://purl.org/wf4ever/roevo#
rdf123,http://rdf123.umbc.edu/ns/
radion,http://www.w3.org/ns/radion#
cbase,http://ontologycentral.com/2010/05/cb/vocab#
onssprel,http://www.ordnancesurvey.co.uk/ontology/SpatialRelations/v0.2/SpatialRelations.owl#
refe,http://orion.tw.rpi.edu/~xgmatwc/refe/
situ,http://www.ontologydesignpatterns.org/cp/owl/situation.owl#
frbrer,http://iflastandards.info/ns/fr/frbr/frbrer/
emoca,http://ns.inria.fr/emoca#
ep,http://eprints.org/ontology/
accom,http://purl.org/acco/ns#
who,http://www.who.int/vocab/ontology#
dbptmpl,http://dbpedia.org/resource/Template:
gastro,http://www.ebsemantics.net/gastro#
dbpr,http://dbpedia.org/resource/
prviv,http://purl.org/net/provenance/integrity#
op,http://environment.data.gov.au/def/op#
vdpp,http://data.lirmm.fr/ontologies/vdpp#
saif,http://wwwiti.cs.uni-magdeburg.de/~srahman/
meb,http://rdf.myexperiment.org/ontologies/base/
icane,http://www.icane.es/opendata/vocab#
vcard2006,http://www.w3.org/2006/vcard/ns#
pizza,http://www.co-ode.org/ontologies/pizza/pizza.owl#
rdafrbr,http://rdvocab.info/uri/schema/FRBRentitiesRDA/
olad,http://openlad.org/vocab#
ox,http://vocab.ox.ac.uk/projectfunding#
owlse,http://www.daml.org/services/owl-s/1.2/generic/Expression.owl#
csp,http://vocab.deri.ie/csp#
wlo,http://purl.org/ontology/wo/
ctorg,http://purl.org/ctic/infraestructuras/organizacion#
biro,http://purl.org/spar/biro/
wn20,http://www.w3.org/2006/03/wn/wn20/
pubmed,http://bio2rdf.org/pubmed_vocabulary:
locwd,http://purl.org/locwd/schema#
poste,http://data.lirmm.fr/ontologies/poste#
bcngeo,http://datos.bcn.cl/ontologies/bcn-geographics#
infor,http://www.ontologydesignpatterns.org/cp/owl/informationrealization.owl#
lexcz,http://purl.org/lex/cz#
viskoo,http://trust.utep.edu/visko/ontology/visko-operator-v3.owl#
gawd,http://gawd.atlantides.org/terms/
dn,http://purl.org/datanode/ns/
quty,http://www.telegraphis.net/ontology/measurement/quantity#
oecc,http://www.oegov.org/core/owl/cc#
pingback,http://purl.org/net/pingback/
itsmo,http://ontology.it/itsmo/v1#
ssso,http://purl.org/ontology/ssso#
roterms,http://purl.org/wf4ever/roterms#
ecos,http://kmm.lboro.ac.uk/ecos/1.0#
vapour,http://vapour.sourceforge.net/vocab.rdf#
biotop,http://purl.org/biotop/biotop.owl#
lsc,http://linkedscience.org/lsc/ns#
limoo,http://purl.org/LiMo/0.1/
mvco,http://purl.oclc.org/NET/mvco.owl#
penis,http://penis.to/#
va,http://code-research.eu/ontology/visual-analytics#
osgeom,http://data.ordnancesurvey.co.uk/ontology/geometry/
soc,http://purl.org/net/hdlipcores/ontology/soc#
od,http://purl.org/twc/vocab/opendap#
geosp,http://rdf.geospecies.org/ont/geospecies#
drm,http://vocab.data.gov/def/drm#
particip,http://purl.org/vocab/participation/schema#
mged,http://mged.sourceforge.net/ontologies/MGEDOntology.owl#
rdai,http://rdaregistry.info/Elements/i/
vvo,http://purl.org/vvo/ns#
dr,http://purl.org/swan/2.0/discourse-relationships/
seq,http://www.ontologydesignpatterns.org/cp/owl/sequence.owl#
evident,http://purl.org/net/evident#
ecrm,http://erlangen-crm.org/current/
elec,http://purl.org/ctic/sector-publico/elecciones#
uta,http://uptheasset.org/ontology#
ostop,http://www.ordnancesurvey.co.uk/ontology/Topography/v0.1/Topography.owl#
frsad,http://iflastandards.info/ns/fr/frsad/
dbtont,http://dbtropes.org/ont/
delta,http://www.w3.org/2004/delta#
gadm,http://gadm.geovocab.org/ontology#
snarm,http://rdf.myexperiment.org/ontologies/snarm/
ntag,http://ns.inria.fr/nicetag/2010/09/09/voc#
spt,http://spitfire-project.eu/ontology/ns/
qu,http://purl.oclc.org/NET/ssnx/qu/qu#
s3db,http://www.s3db.org/core#
gnvc,http://purl.org/gc/
obsm,http://rdf.geospecies.org/methods/observationMethod#
lingvo,http://www.lingvoj.org/ontology#
graves,http://rdf.muninn-project.org/ontologies/graves#
odapp,http://vocab.deri.ie/odapp#
stats,http://purl.org/rdfstats/stats#
amalgame,http://purl.org/vocabularies/amalgame#
turismo,http://idi.fundacionctic.org/cruzar/turismo#
ru,http://purl.org/imbi/ru-meta.owl#
ontopic,http://www.ontologydesignpatterns.org/ont/dul/ontopic.owl#
crsw,http://courseware.rkbexplorer.com/ontologies/courseware#
tis,http://www.ontologydesignpatterns.org/cp/owl/timeindexedsituation.owl#
ogbd,http://www.ogbd.fr/2012/ontologie#
bihap,http://bihap.kb.gov.tr/ontology/
geocontext,http://www.geocontext.org/publ/2013/vocab#
cmd,http://clarin.eu/cmd#
mammal,http://lod.taxonconcept.org/ontology/p01/Mammalia/index.owl#
agls,http://www.agls.gov.au/agls/terms/
gq,http://genomequest.com/
rdag3,http://rdvocab.info/ElementsGr3/
dcoid,http://dx.deepcarbon.net/
gcis,http://data.globalchange.gov/gcis.owl#
opmo,http://openprovenance.org/model/opmo#
odrl,http://www.w3.org/ns/odrl/2/
pwo,http://purl.org/spar/pwo/
sad,http://vocab.deri.ie/sad#
ordf,http://purl.org/NET/ordf/
semio,http://www.lingvoj.org/semio#
sh,http://www.w3.org/ns/shacl#
geop,http://aims.fao.org/aos/geopolitical.owl#
odpart,http://www.ontologydesignpatterns.org/cp/owl/participation.owl#
pim,http://www.w3.org/ns/pim/space#
lmm2,http://www.ontologydesignpatterns.org/ont/lmm/LMM_L2.owl#
viso,http://purl.org/viso/
gnm,http://www.geonames.org/ontology/mappings/
tsioc,http://rdfs.org/sioc/types#
lime,http://art.uniroma2.it/ontologies/lime#
kai,http://kai.uni-kiel.de/
passim,http://data.lirmm.fr/ontologies/passim#
laabs,http://dbpedia.org/resource/
rdfdata,http://rdf.data-vocabulary.org/rdf.xml#
edgar,http://edgarwrap.ontologycentral.com/vocab/edgar#
ontolex,http://www.w3.org/ns/lemon/ontolex#
coll,http://purl.org/co/
rdag1,http://rdvocab.info/Elements/
vin,http://www.w3.org/TR/2003/PR-owl-guide-20031209/wine#
eurlex,http://eur-lex.publicdata.eu/ontology/
asgv,http://aims.fao.org/aos/agrovoc/
geod,http://vocab.lenka.no/geo-deling#
tddo,http://databugger.aksw.org/ns/core#
vgo,http://purl.org/net/VideoGameOntology#
mocanal,http://www.semanticweb.org/asow/ontologies/2013/9/untitled-ontology-36#
pproc,http://contsem.unizar.es/def/sector-publico/pproc#
fao,http://fao.270a.info/dataset/
provone,http://purl.org/provone#
raul,http://vocab.deri.ie/raul#
bk,http://www.provbook.org/ns/#
my,http://www.mobile.com/model/
mds,http://doc.metalex.eu/id/
osadm,http://data.ordnancesurvey.co.uk/ontology/admingeo/
ftcontent,http://www.ft.com/ontology/content/
muldicat,http://iflastandards.info/ns/muldicat#
dogont,http://elite.polito.it/ontologies/dogont.owl#
oprovo,http://openprovenance.org/ontology#
mb,http://dbtune.org/musicbrainz/resource/instrument/
bco,http://purl.obolibrary.org/obo/bco.owl#
lmm1,http://www.ontologydesignpatterns.org/ont/lmm/LMM_L1.owl#
trait,http://contextus.net/ontology/ontomedia/ext/common/trait#
pois,http://purl.oclc.org/POIS/vcblr#
seas,https://w3id.org/seas/
pvcs,http://purl.org/twc/vocab/pvcs#
being,http://purl.org/ontomedia/ext/common/being#
oliasystem,http://purl.org/olia/system.owl#
ses,http://lod.taxonconcept.org/ses/
li,http://def.seegrid.csiro.au/isotc211/iso19115/2003/lineage#
tw,http://tw.rpi.edu/schema/
defns,http://www.openarchives.org/OAI/2.0/
tao,http://vocab.deri.ie/tao#
fma,http://sig.uw.edu/fma#
oboinowl,http://www.geneontology.org/formats/oboInOwl#
dpd,http://www.kanzaki.com/ns/dpd#
mt,http://www.w3.org/2001/sw/DataAccess/tests/test-manifest#
dbrc,http://dbpedia.org/resource/Category:
rdl,http://data.posccaesar.org/rdl/
opllic,http://www.openlinksw.com/ontology/licenses#
cjr,http://vocab.linkeddata.es/datosabiertos/def/urbanismo-infraestructuras/callejero#
openskos,http://openskos.org/xmlns#
of,http://owlrep.eu01.aws.af.cm/fridge#
opencyc,http://sw.opencyc.org/concept/
app,http://jmvanel.free.fr/ontology/software_applications.n3#
bis,http://bis.270a.info/dataset/
oplprod,http://www.openlinksw.com/ontology/products#
st,http://semweb.mmlab.be/ns/stoptimes#
erce,http://xxefe.de/
csv,http://vocab.sindice.net/csv/
call,http://webofcode.org/wfn/call:
ebucore,http://www.ebu.ch/metadata/ontologies/ebucore/ebucore#
wno,http://wordnet-rdf.princeton.edu/ontology#
fam,http://vocab.fusepool.info/fam#
san,http://www.irit.fr/recherches/MELODI/ontologies/SAN#
omnlife,http://open-multinet.info/ontology/omn-lifecycle#
language,http://id.loc.gov/vocabulary/iso639-1/
agro,http://agrinepaldata.com/vocab/
nxs,http://www.neclimateus.org/
vra,http://simile.mit.edu/2003/10/ontologies/vraCore3#
bag,http://bag.basisregistraties.overheid.nl/def/bag#
contsem,http://contsem.unizar.es/def/sector-publico/contratacion#
cmdm,http://infra.clarin.eu/cmd/
pnc,http://data.press.net/ontology/classification/
dbpedia2,http://dbpedia.org/property/
oplres,http://www.openlinksw.com/ontology/restrictions#
msm,http://iserve.kmi.open.ac.uk/ns/msm#
lfov,https://w3id.org/legal_form#
wfn,http://webofcode.org/wfn/
location,http://sw.deri.org/2006/07/location/loc#
sam,http://def.seegrid.csiro.au/isotc211/iso19156/2011/sampling#
agrd,http://agrinepaldata.com/
videogame,http://purl.org/net/vgo#
omdoc,http://omdoc.org/ontology/
olac11,http://www.language-archives.org/OLAC/1.1/
fbgeo,http://rdf.freebase.com/ns/location/geocode/
odapps,http://semweb.mmlab.be/ns/odapps#
spdx,http://spdx.org/rdf/terms#
geos,http://www.telegraphis.net/ontology/geography/geography#
cdc,http://www.contextdatacloud.org/resource/
parl,http://reference.data.gov.uk/def/parliament/
fcs,http://clarin.eu/fcs/resource#
thors,http://resource.geosciml.org/ontology/timescale/thors#
bmo,http://collection.britishmuseum.org/id/ontology/
uis,http://uis.270a.info/dataset/
tm,http://def.seegrid.csiro.au/isotc211/iso19108/2002/temporal#
static,http://vocab-ld.org/vocab/static-ld#
cl,http://advene.org/ns/cinelab/
stanford,http://purl.org/olia/stanford.owl#
lc,http://semweb.mmlab.be/ns/linkedconnections#
cmdi,http://www.clarin.eu/cmd/
hr,http://iserve.kmi.open.ac.uk/ns/hrests#
ldr,http://purl.oclc.org/NET/ldr/ns#
imf,http://imf.270a.info/dataset/
sru,http://www.loc.gov/zing/srw/
onc,http://www.ics.forth.gr/isl/oncm/core#
skos08,http://www.w3.org/2008/05/skos#
bv,http://purl.org/vocommons/bv#
ext,http://def.seegrid.csiro.au/isotc211/iso19115/2003/extent#
onisep,http://rdf.onisep.fr/resource/
irsteaont,http://ontology.irstea.fr/weather/ontology#
dq,http://def.seegrid.csiro.au/isotc211/iso19115/2003/dataquality#
ruto,http://rdfunit.aksw.org/ns/core#
olac,http://www.language-archives.org/OLAC/1.0/
aws,http://purl.oclc.org/NET/ssnx/meteo/aws#
bbcprov,http://www.bbc.co.uk/ontologies/provenance/
odo,http://ocean-data.org/schema/
guo,http://purl.org/hpi/guo#
bevon,http://rdfs.co/bevon/
abs,http://abs.270a.info/dataset/
oh,http://semweb.mmlab.be/ns/oh#
gaf,http://groundedannotationframework.org/
jp1,http://rdf.muninn-project.org/ontologies/jp1/
mico,http://www.mico-project.eu/ns/platform/1.0/schema#
dbug,http://ontologi.es/doap-bugs#
wikim,http://spi-fm.uca.es/spdef/models/genericTools/wikim/1.0#
pic,http://www.ipaw.info/ns/picaso#
oad,http://lod.xdams.org/reload/oad/
maso,http://securitytoolbox.appspot.com/MASO#
deps,http://ontologi.es/doap-deps#
babelnet,http://babelnet.org/2.0/
rvl,http://purl.org/rvl/
frb,http://frb.270a.info/dataset/
mmt,http://linkedmultimedia.org/sparql-mm/functions/temporal#
esaloj,http://vocab.linkeddata.es/datosabiertos/def/turismo/alojamiento#
llo,http://lodlaundromat.org/ontology/
ecc,https://ns.eccenca.com/
smg,http://ns.cerise-project.nl/energy/def/cim-smartgrid#
l2sp,http://www.linked2safety-project.eu/properties/
form,http://deductions-software.com/ontologies/forms.owl.ttl#
taxon,http://purl.org/biodiversity/taxon/
mmd,http://musicbrainz.org/ns/mmd-1.0#
pco,http://purl.org/procurement/public-contracts#
dicom,http://purl.org/healthcarevocab/v1#
sro,http://salt.semanticauthoring.org/ontologies/sro#
bgcat,http://bg.dbpedia.org/resource/?????????:
oils,http://lemon-model.net/oils#
vext,http://ldf.fi/void-ext#
citof,http://www.essepuntato.it/2013/03/cito-functions#
lso,http://linkedspending.aksw.org/ontology/
gl,http://schema.geolink.org/
itm,http://spi-fm.uca.es/spdef/models/genericTools/itm/1.0#
gf,http://def.seegrid.csiro.au/isotc211/iso19109/2005/feature#
lmf,http://www.lexinfo.net/lmf#
dannet,http://www.wordnet.dk/owl/instance/2009/03/instances/
oan,http://data.lirmm.fr/ontologies/oan/
lda,http://purl.org/linked-data/api/vocab#
sbench,http://swat.cse.lehigh.edu/onto/univ-bench.owl#
rdarel2,http://metadataregistry.org/uri/schema/RDARelationshipsGR2/
lu,http://www.ontologydesignpatterns.org/ont/framenet/abox/lu/
lexicon,http://www.example.org/lexicon#
roadmap,http://mappings.roadmap.org/
gm,http://def.seegrid.csiro.au/isotc211/iso19107/2003/geometry#
fp3,http://vocab.fusepool.info/fp3#
pnt,http://data.press.net/ontology/tag/
physo,http://merlin.phys.uni.lodz.pl/onto/physo/physo.owl#
estrn,http://vocab.linkeddata.es/datosabiertos/def/urbanismo-infraestructuras/transporte#
acrt,http://privatealpha.com/ontology/certification/1#
shex,http://www.w3.org/2013/ShEx/ns#
pattern,http://www.essepuntato.it/2008/12/pattern#
holding,http://purl.org/ontology/holding#
pod,https://project-open-data.cio.gov/v1.1/schema/#
scip,http://lod.taxonconcept.org/ontology/sci_people.owl#
eli,http://data.europa.eu/eli/ontology#
gts,http://resource.geosciml.org/ontology/timescale/gts#
whisky,http://vocab.org/whisky/terms/
limo,http://www.purl.org/limo-ontology/limo#
psys,http://www.ontotext.com/proton/protonsys#
bgn,http://bibliograph.net/schemas/
tac,http://ns.bergnet.org/tac/0.1/triple-access-control#
basic,http://def.seegrid.csiro.au/isotc211/iso19103/2005/basic#
employee,http://www.employee.com/data#
isocat,http://www.isocat.org/datcat/
uri4uri,http://uri4uri.net/vocab#
voidext,http://rdfs.org/ns/void-ext#
nex,http://www.nexml.org/2009/
estatwrap,http://ontologycentral.com/2009/01/eurostat/ns#
wro,http://purl.org/net/wf4ever/ro#
topo,http://data.ign.fr/def/topo#
dpc,http://hospee.org/ontologies/dpc/
ccrel,http://creativecommons.org/ns#
oplcert,http://www.openlinksw.com/schemas/cert#
sao,http://salt.semanticauthoring.org/ontologies/sao#
trig,http://www.w3.org/2004/03/trix/rdfg-1/
cpant,http://purl.org/NET/cpan-uri/terms#
hdo,http://www.samos.gr/ontologies/helpdeskOnto.owl#
lio,http://purl.org/net/lio#
ll,http://lodlaundromat.org/resource/
odrs,http://schema.theodi.org/odrs#
wn30,http://purl.org/vocabularies/princeton/wn30/
friends,http://www.openarchives.org/OAI/2.0/friends/
dsn,http://purl.org/dsnotify/vocab/eventset/
oslo,http://purl.org/oslo/ns/localgov#
travel,http://www.co-ode.org/roberts/travel.owl#
shw,http://paul.staroch.name/thesis/SmartHomeWeather.owl#
xlime,http://xlime-project.org/vocab/
tavprov,http://ns.taverna.org.uk/2012/tavernaprov/
mmf,http://linkedmultimedia.org/sparql-mm/ns/1.0.0/function#
sw,http://linkedwidgets.org/statisticalwidget/ontology/
koly,http://www.ensias.ma/
doas,http://deductions.github.io/doas.owl.ttl#
kml,http://www.opengis.net/kml/2.2#
bbccms,http://www.bbc.co.uk/ontologies/cms/
bbccore,http://www.bbc.co.uk/ontologies/coreconcepts/
llm,http://lodlaundromat.org/metrics/ontology/
h2o,http://def.seegrid.csiro.au/isotc211/iso19150/-2/2012/basic#
rs,http://spektrum.ctu.cz/ontologies/radio-spectrum#
oplacl,http://www.openlinksw.com/ontology/acl#
origins,http://origins.link/
pkm,http://www.ontotext.com/proton/protonkm#
lofv,http://purl.org/legal_form/vocab#
diag,http://www.loc.gov/zing/srw/diagnostic/
wn31,http://wordnet-rdf.princeton.edu/wn31/
esadm,http://vocab.linkeddata.es/datosabiertos/def/sector-publico/territorio#
locah,http://data.archiveshub.ac.uk/def/
xslopm,http://purl.org/net/opmv/types/xslt#
galaksiya,http://ontoloji.galaksiya.com/vocab/
zr,http://explain.z3950.org/dtd/2.0/
ls,http://linkedspending.aksw.org/instance/
geovoid,http://purl.org/geovocamp/ontology/geovoid/
shoah,http://dati.cdec.it/lod/shoah/
voidwh,http://www.ics.forth.gr/isl/VoIDWarehouse/VoID_Extension_Schema.owl#
plo,http://purl.org/net/po#
keys,http://purl.org/NET/c4dm/keys.owl#
irstea,http://ontology.irstea.fr/
spfood,http://kmi.open.ac.uk/projects/smartproducts/ontologies/food.owl#
loted,http://loted.eu/ontology#
navm,https://w3id.org/navigation_menu#
lpeu,http://purl.org/linkedpolitics/vocabulary/eu/plenary/
wdt,http://www.wikidata.org/prop/direct/
metadata,http://purl.oreilly.com/ns/meta/
ldvm,http://linked.opendata.cz/ontology/ldvm/
escjr,http://vocab.linkeddata.es/datosabiertos/def/urbanismo-infraestructuras/callejero#
scoro,http://purl.org/spar/scoro/
cart,http://purl.org/net/cartCoord#
hp,http://pictogram.tokyo/vocabulary#
nerd,http://nerd.eurecom.fr/ontology#
gov,http://gov.genealogy.net/ontology.owl#
stories,http://purl.org/ontology/stories/
bibrm,http://vocab.ub.uni-leipzig.de/bibrm/
security,http://securitytoolbox.appspot.com/securityMain#
rdag2,http://rdvocab.info/ElementsGr2/
oss,http://opendata.caceres.es/def/ontosemanasanta#
xapi,http://purl.org/xapi/ontology#
pni,http://data.press.net/ontology/identifier/
dcs,http://ontologi.es/doap-changeset#
vmm,http://spi-fm.uca.es/spdef/models/genericTools/vmm/1.0#
rmo,http://eatld.et.tu-dresden.de/rmo#
naval,http://rdf.muninn-project.org/ontologies/naval#
reegle,http://reegle.info/schema#
wikimedia,http://upload.wikimedia.org/wikipedia/commons/f/f6/
esequip,http://vocab.linkeddata.es/datosabiertos/def/urbanismo-infraestructuras/equipamiento#
daq,http://purl.org/eis/vocab/daq#
bner,http://datos.bne.es/resource/
npdv,http://sws.ifi.uio.no/vocab/npd#
unspsc,http://ontoview.org/schema/unspsc/1#
ilap,http://data.posccaesar.org/ilap/
dbcat,http://dbpedia.org/resource/Category:
rdacct,http://rdaregistry.info/termList/CollTitle/
swpm,http://spi-fm.uca.es/spdef/models/deployment/swpm/1.0#
affymetrix,http://bio2rdf.org/affymetrix_vocabulary:
rvdata,http://data.rvdata.us/
xcql,http://docs.oasis-open.org/ns/search-ws/xcql#
bn,http://babelnet.org/rdf/
rdafr,http://rdaregistry.info/termList/frequency/
lden,http://www.linklion.org/lden/
lindt,http://purl.org/NET/lindt#
oplecrm,http://www.openlinksw.com/ontology/ecrm#
d2d,http://rdfns.org/d2d/
rdabm,http://rdaregistry.info/termList/RDABaseMaterial/
ramon,http://rdfdata.eionet.europa.eu/ramon/ontology/
olca,http://www.lingvoj.org/olca#
rdapo,http://rdaregistry.info/termList/RDAPolarity/
esco,http://data.europa.eu/esco/model#
rdamt,http://rdaregistry.info/termList/RDAMediaType/
bridge,http://purl.org/vocommons/bridge#
chembl,http://rdf.ebi.ac.uk/terms/chembl#
date,http://contextus.net/ontology/ontomedia/misc/date#
emtr,http://purl.org/NET/ssnext/electricmeters#
gpml,http://vocabularies.wikipathways.org/gpml#
ljkl,http://teste.com/
yo,http://yovisto.com/
ecgl,http://schema.geolink.org/
ontosec,http://www.semanticweb.org/ontologies/2008/11/OntologySecurity.owl#
rdagw,http://rdaregistry.info/termList/grooveWidth/
frame,http://www.ontologydesignpatterns.org/ont/framenet/abox/frame/
rdasoi,http://rdaregistry.info/termList/statIdentification/
kegg,http://bio2rdf.org/ns/kegg#
cpsv,http://purl.org/vocab/cpsv#
rdagd,http://rdaregistry.info/termList/gender/
opengov,http://www.w3.org/opengov#
glview,http://schema.geolink.org/dev/view/
c9d,http://purl.org/twc/vocab/conversion/
rdatc,http://rdaregistry.info/termList/trackConfig/
rdb,http://www.dbs.cs.uni-duesseldorf.de/RDF/relational#
mtlo,http://www.ics.forth.gr/isl/MarineTLO/v4/marinetlo.owl#
oplmkt,http://www.openlinksw.com/ontology/market#
oplcb,http://www.openlinksw.com/schemas/crunchbase#
rdafnm,http://rdaregistry.info/termList/FormNoteMus/
ost,http://w3id.org/ost/ns#
bgdbp,http://bg.dbpedia.org/property/
eccrev,https://vocab.eccenca.com/revision/
rdarm,http://registry.info/termList/recMedium/
sakthi,http://infotech.nitk.ac.in/research-scholars/sakthi-murugan-r/
lcdr,http://ns.lucid-project.org/revision/
rdaemm,http://rdaregistry.info/termList/emulsionMicro/
verb,https://w3id.org/verb/
lib,http://purl.org/library/
eurostat,http://wifo5-04.informatik.uni-mannheim.de/eurostat/resource/eurostat/
phdd,http://rdf-vocabulary.ddialliance.org/phdd#
cbo,http://comicmeta.org/cbo/
religion,http://rdf.muninn-project.org/ontologies/religion#
xrd,http://docs.oasis-open.org/ns/xri/xrd-1.0#
sor,http://purl.org/net/soron/
wb,http://data.worldbank.org/
bnf,http://www.w3.org/2000/10/swap/grammar/bnf#
lsd,http://linkedwidgets.org/statisticaldata/ontology/
rdaco,http://rdaregistry.info/termList/RDAContentType/
oae,http://www.ics.forth.gr/isl/oae/core#
spcm,http://spi-fm.uca.es/spdef/models/deployment/spcm/1.0#
d0,http://ontologydesignpatterns.org/ont/wikipedia/d0.owl#
rdaftn,http://rdaregistry.info/termList/TacNotation/
oml,http://def.seegrid.csiro.au/ontology/om/om-lite#
clirio,http://clirio.kaerle.com/clirio.owl#
fe,http://www.ontologydesignpatterns.org/ont/framenet/abox/fe/
lw,http://linkedwidgets.org/ontologies/
insdc,http://ddbj.nig.ac.jp/ontologies/sequence#
lemonuby,http://lemon-model.net/lexica/uby/
caplibacl,http://schemas.capita-libraries.co.uk/2015/acl/schema#
condition,http://www.kinjal.com/condition:
beth,http://www.google.com/
rdact,http://rdaregistry.info/termList/RDACarrierType/
rdarr,http://rdaregistry.info/termList/RDAReductionRatio/
rdami,http://rdaregistry.info/termList/modeIssue/
rdafmn,http://rdaregistry.info/termList/MusNotation/
omnfed,http://open-multinet.info/ontology/omn-federation#
saws,http://purl.org/saws/ontology#
owsom,https://onlinesocialmeasures.wordpress.com/
odbc,http://www.openlinksw.com/ontology/odbc#
foo,http://filmontology.org/ontology/1.0/
rdasco,http://rdaregistry.info/termList/soundCont/
rdagrp,http://rdaregistry.info/termList/groovePitch/
espresup,http://vocab.linkeddata.es/datosabiertos/def/hacienda/presupuestos#
rml,http://semweb.mmlab.be/ns/rml#
vidont,http://vidont.org/
ha,http://sensormeasurement.appspot.com/ont/home/homeActivity#
faq,http://www.openlinksw.com/ontology/faq#
goog,http://schema.googleapis.com/
rdacc,http://rdaregistry.info/termList/RDAColourContent/
lmx,http://www.w3.org/XML/1998/namespace/
csvw,http://www.w3.org/ns/csvw#
bgdbr,http://bg.dbpedia.org/resource/
dicera,http://semweb.mmlab.be/ns/dicera#
ncit,http://ncicb.nci.nih.gov/xml/owl/EVS/Thesaurus.owl#
ubiq,http://server.ubiqore.com/ubiq/core#
kees,http://linkeddata.center/kees/v1#
mexv,http://mex.aksw.org/mex-algo#
oxi,http://omerxi.com/ontologies/core.owl.ttl#
vstoi,http://hadatac.org/ont/vstoi#
bfo,http://www.ifomis.org/bfo/1.1#
cwl,https://w3id.org/cwl/cwl#
vag,http://www.essepuntato.it/2013/10/vagueness/
wikibase,http://wikiba.se/ontology#
figigii,http://www.omg.org/spec/FIGI/GlobalInstrumentIdentifiers/
td5,http://td5.org/#
fdbp,http://fr.dbpedia.org/property/
luc,http://www.ontotext.com/owlim/lucene#
escom,http://vocab.linkeddata.es/datosabiertos/def/comercio/tejidoComercial#
rdapmt,http://rdaregistry.info/termList/prodTactile/
ev,http://www.w3.org/2001/xml-events/
tp,http://tour-pedia.org/download/tp.owl#
tadirah,http://tadirah.dariah.eu/vocab/
lsqv,http://lsq.aksw.org/vocab#
traffic,http://www.sensormeasurement.appspot.com/ont/transport/traffic#
ecglview,http://schema.geolink.org/view/
rdabf,http://rdaregistry.info/termList/bookFormat/
rdafs,http://rdaregistry.info/termList/fontSize/
quantity,http://qudt.org/schema/quantity#
proms,http://promsns.org/def/proms#
esdir,http://vocab.linkeddata.es/datosabiertos/def/urbanismo-infraestructuras/direccionPostal#
incident,http://vocab.resc.info/incident#
ipo,http://purl.org/ipo/core#
demlab,http://www.demcare.eu/ontologies/demlab.owl#
company,http://intellimind.io/ns/company#
rdaz,http://rdaregistry.info/Elements/z/
lawd,http://lawd.info/ontology/
rdafnv,http://rdaregistry.info/termList/noteForm/
rofch,http://rdaregistry.info/termList/rofch/
mv,http://schema.mobivoc.org/
ogc,http://www.opengis.net/def/
samfl,http://def.seegrid.csiro.au/ontology/om/sam-lite#
rofem,http://rdaregistry.info/termList/rofem/
rofer,http://rdaregistry.info/termList/rofer/
solid,http://www.w3.org/ns/solid/terms#
vacseen1,http://www.semanticweb.org/parthasb/ontologies/2014/6/vacseen1/
rofit,http://rdaregistry.info/termList/rofit/
bsym,http://bsym.bloomberg.com/sym/
uneskos,http://purl.org/voc/uneskos#
aktivesa,http://sa.aktivespace.org/ontologies/aktivesa#
dm2e,http://onto.dm2e.eu/schemas/dm2e/
decision,https://decision-ontology.googlecode.com/svn/trunk/decision.owl#
rdatr,http://rdaregistry.info/termList/typeRec/
sg,http://www.springernature.com/scigraph/ontologies/core/
orges,http://datos.gob.es/def/sector-publico/organizacion#
airs,https://raw.githubusercontent.com/airs-linked-data/lov/latest/src/airs_vocabulary.ttl#
imind,http://schema.intellimind.ns/symbology#
rofrr,http://rdaregistry.info/termList/rofrr/
llont,http://www.linklion.org/ontology#
mexcore,http://mex.aksw.org/mex-core#
mbgd,http://mbgd.genome.ad.jp/owl/mbgd.owl#
ops,http://vocabularies.bridgedb.org/ops#
ofrd,http://purl.org/opdm/refrigerator#
hasneto,http://hadatac.org/ont/hasneto#
jerm,http://jermontology.org/ontology/JERMOntology#
scor,http://purl.org/eis/vocab/scor#
newsevents,http://www.aifb.uni-karlsruhe.de/WBS/uhe/ontologies#
moo,http://www.movieontology.org/2009/11/09/movieontology.owl#
orth,http://purl.org/net/orth#
uby,http://purl.org/olia/ubyCat.owl#
essglobal,http://purl.org/essglobal/vocab/v1.0/
eclap,http://www.eclap.eu/schema/eclap/
gont,https://gont.ch/
geojson,http://ld.geojson.org/vocab#
pcdt,http://purl.org/procurement/public-contracts-datatypes#
merge,http://jazz.net/ns/lqe/merge/
piero,http://reactionontology.org/piero/
um,http://intelleo.eu/ontologies/user-model/ns/
lheo,http://www.conjecto.com/ontology/2015/lheo#
oplweb,http://www.openlinksw.com/schemas/oplweb#
esapar,http://vocab.linkeddata.es/datosabiertos/def/urbanismo-infraestructuras/aparcamiento#
auto,http://auto.schema.org/
gci,http://ontology.eil.utoronto.ca/GCI/Foundation/GCI-Foundation.owl#
jolux,http://data.legilux.public.lu/resource/ontology/jolux#
sdshare,http://www.sdshare.org/2012/extension/
cff,http://purl.oclc.org/NET/ssnx/cf/cf-feature#
vocnet,http://schema.vocnet.org/
lsmap,http://ontology.cybershare.utep.edu/ELSEWeb/elseweb-data.owl#
lgdm,http://linkedgeodata.org/meta/
dio,https://w3id.org/dio#
step,http://purl.org/net/step#
webservice,http://www.openlinksw.com/ontology/webservices#
changeset,http://purl.org/vocab/changeset/schema#
hto,http://project-haystack.org/hto#
eccauth,https://vocab.eccenca.com/auth/
fnabox,http://www.ontologydesignpatterns.org/ont/framenet/abox/
dqv,http://www.w3.org/ns/dqv#
itcat,http://th-brandenburg.de/ns/itcat#
tix,http://toptix.com/2010/esro/
ianarel,http://www.iana.org/assignments/relation/
leaks,http://data.ontotext.com/resource/leak/
pv,http://ns.inria.fr/provoc#
rut,http://rdfunit.aksw.org/ns/core#
swcomp,https://github.com/ali1k/ld-reactor/blob/master/vocabulary/index.ttl#
rofrm,http://rdaregistry.info/termList/rofrm/
data,http://data.odw.tw/
latitude,https://www.w3.org/2006/vcard/ns#latitude#
amsl,http://vocab.ub.uni-leipzig.de/amsl/
gist,http://ontologies.semanticarts.com/gist#
cwork,http://www.bbc.co.uk/ontologies/creativework/
remetca,http://www.purl.org/net/remetca#
puml,http://plantuml.com/ontology#
mexalgo,http://mex.aksw.org/mex-algo#
datex,http://vocab.datex.org/terms#
rofid,http://rdaregistry.info/termList/rofid/
fntbox,http://www.ontologydesignpatterns.org/ont/framenet/tbox/
sgg,http://www.springernature.com/scigraph/graphs/
ethc,http://ethoinformatics.org/ethocore/
minim,http://purl.org/minim/minim#
edgarcik,http://edgarwrap.ontologycentral.com/cik/
mdi,http://w3id.org/multidimensional-interface/ontology#
nlon,http://lod.nl.go.kr/ontology/
lslife,http://ontology.cybershare.utep.edu/ELSEWeb/elseweb-lifemapper.owl#
art,http://w3id.org/art/terms/1.0/
isbdu,http://iflastandards.info/ns/isbd/unc/elements/
kbv,https://id.kb.se/vocab/
lswpm,http://ontology.cybershare.utep.edu/ELSEWeb/elseweb-lifemapper-parameters.owl#
crmdig,http://www.ics.forth.gr/isl/CRMext/CRMdig.rdfs/
ns1,http://www.w3.org/1999/xhtml/vocab#
gs1,http://gs1.org/voc/
efrbroo,http://erlangen-crm.org/efrbroo/
lsweb,http://ontology.cybershare.utep.edu/ELSEWeb/elseweb-data.owl#
pp,http://peoplesplaces.de/ontology#
hello,https://www.youtube.com/user/SuperTellAFriend/featured/
r4r,http://guava.iis.sinica.edu.tw/r4r/
rofin,http://rdaregistry.info/termList/rofin/
eccdi,https://vocab.eccenca.com/di/
rofsm,http://rdaregistry.info/termList/rofsm/
pid,http://permid.org/ontology/organization/
gns,http://sws.geonames.org/
fo,http://www.w3.org/1999/XSL/Format#
efd,http://data.foodanddrinkeurope.eu/ontology#
rofim,http://rdaregistry.info/termList/rofim/
saref,https://w3id.org/saref#
regorg,http://www.w3.org/ns/regorg#
cdt,http://w3id.org/lindt/custom_datatypes#
bioc,http://deductions.github.io/biological-collections.owl.ttl#
fluidops,http://www.fluidops.com/
open311,http://ontology.eil.utoronto.ca/open311#
uom,http://www.opengis.net/def/uom/OGC/1.0/
si,http://sisteminformasi.com/
b3kat,http://lod.b3kat.de/title/
rgml,http://purl.org/puninj/2001/05/rgml-schema#
dpn,http://purl.org/dpn#
rofhf,http://rdaregistry.info/termList/rofhf/
door,http://kannel.open.ac.uk/ontology#
cpack,http://cliopatria.swi-prolog.org/schema/cpack#
opllog,http://www.openlinksw.com/ontology/logging#
pcit,http://public-contracts.nexacenter.org/id/propertiesRole/
text,http://jena.apache.org/text#
wimpo,http://rdfex.org/withImports?uri=
lswmo,http://ontology.cybershare.utep.edu/ELSEWeb/elseweb-modelling.owl#
lgdt,http://linkedgeodata.org/triplify/
rofet,http://rdaregistry.info/termList/rofet/
ali,http://www.niso.org/schemas/ali/1.0/
glycan,http://purl.jp/bio/12/glyco/glycan#
ttla,https://w3id.org/ttla/
yd,https://yodata.io/
leak,http://data.ontotext.com/resource/leak/
sct,http://snomed.info/sct/
vf,https://w3id.org/valueflows/
output,http://volt-name.space/vocab/output#
ruian,https://data.cssz.cz/ontology/ruian/
driver,http://deductions.github.io/drivers.owl.ttl#
mod,http://www.isibang.ac.in/ns/mod#
voc,http://voc.odw.tw/
pm,http://premon.fbk.eu/resource/
neotec,http://neotec.rc.unesp.br/resource/Neotectonics/
html,http://izmus.cz/#
pdf,http://ns.adobe.com/pdf/1.3/
ipsv,http://id.esd.org.uk/list/
rofsf,http://rdaregistry.info/termList/rofsf/
owl2xml,http://www.w3.org/2006/12/owl2-xml#
rfd,http://com.intrinsec//ontology#
dcosample,http://info.deepcarbon.net/sample/schema#
duv,http://www.w3.org/ns/duv#
mmoon,http://mmoon.org/mmoon/
rpath,https://w3id.org/lodsight/rdf-path#
iiif,http://iiif.io/api/image/2#
crowd,http://purl.org/crowd/
qms,http://data.europa.eu/esco/qms#
cue,http://www.clarin.eu/cmdi/cues/display/1.0#
pmd,http://publishmydata.com/def/dataset#
teamwork,http://topbraid.org/teamwork#
lsq,http://lsq.aksw.org/vocab#
iana,http://www.iana.org/assignments/relation/
wde,http://www.wikidata.org/entity/
sx,http://shex.io/ns/shex#
pmhb,http://pmhb.org/
odw,http://odw.tw/
mexperf,http://mex.aksw.org/mex-perf#
mmm,http://www.mico-project.eu/ns/mmm/2.0/schema#
sorg,http://schema.org/
volt,http://volt-name.space/ontology/
markus,http://www.markus.com/
tgm,http://id.loc.gov/vocabulary/graphicMaterials/
dsv,http://purl.org/iso25964/DataSet/Versioning#
pmonb,http://premon.fbk.eu/ontology/nb#
ou,http://opendata.unex.es/def/ontouniversidad#
pmo,http://premon.fbk.eu/ontology/core#
organ,http://www.univalle.edu.co/ontologies/Organ#
juso,http://rdfs.co/juso/
csdbp,http://cs.dbpedia.org/
clinic,http://example.com/clinic#
ws,http://www.w3.org/ns/pim/space#
sdterms,http://statisticaldata.linkedwidgets.org/terms/
estrf,http://vocab.linkeddata.es/datosabiertos/def/transporte/trafico#
rofrt,http://rdaregistry.info/termList/rofrt/
year,http://www.w3.org/year/
bblfish,http://bblfish.net/people/henry/card#
dash,http://datashapes.org/dash#
maet,http://edg.topbraid.solutions/taxonomy/macroeconomics/
rm,http://jazz.net/ns/rm#
system,http://www.univalle.edu.co/ontologies/System#
rdaar,http://rdaregistry.info/termList/AspectRatio/
mls,http://www.w3.org/ns/mls#
spv,http://completeness.inf.unibz.it/sp-vocab#
aozora,http://purl.org/net/aozora/
literal,http://www.essepuntato.it/2010/06/literalreification/
wdv,http://www.wikidata.org/value/
esair,http://vocab.linkeddata.es/datosabiertos/def/medio-ambiente/calidad-aire#
orgesv2,http://datos.gob.es/sites/default/files/OntologiaDIR3/orges.owl#
ideotalex,http://www.ideotalex.eu/datos/recurso/
dcatapit,http://dati.gov.it/onto/dcatapit#
eem,http://purl.org/eem#
dwciri,http://rs.tdwg.org/dwc/iri/
pmovn,http://premon.fbk.eu/ontology/vn#
dcodata,http://info.deepcarbon.net/data/schema#
meat,http://example.com/
fire,http://tldp.org/HOWTO/XML-RPC-HOWTO/xmlrpc-howto-java.html#
obeu,http://data.openbudgets.eu/ontology/
bb,http://www.snik.eu/ontology/bb/
llr,http://lodlaundromat.org/resource/
rdaterm,http://rdaregistry.info/termList/RDATerms/
ensembl,http://rdf.ebi.ac.uk/resource/ensembl/
biml,http://schemas.varigence.com/biml.xsd#
rdfp,https://w3id.org/rdfp/
ldq,http://www.linkeddata.es/ontology/ldq#
ncicp,http://ncicb.nci.nih.gov/xml/owl/EVS/Thesaurus.owl#
pmopb,http://premon.fbk.eu/ontology/pb#
dcodt,http://info.deepcarbon.net/datatype/schema#
eccpubsub,https://vocab.eccenca.com/pubsub/
psv,http://www.wikidata.org/prop/statement/value/
pmofn,http://premon.fbk.eu/ontology/fn#
planet,http://dbpedia.org/
voidex,http://www.swi-prolog.org/rdf/library/
rdacdt,http://rdaregistry.info/termList/RDACartoDT/
srx,http://www.w3.org/2005/sparql-results#
iso37120,http://ontology.eil.utoronto.ca/ISO37120.owl#
dgfr,http://colin.maudry.com/ontologies/dgfr#
wsdl,http://www.w3.org/ns/wsdl-rdf#
scholl,http://menemeneml.com/school#
cd,http://citydata.wu.ac.at/ns#
fno,http://w3id.org/function/ontology#
or,http://openresearch.org/vocab/
elod,http://linkedeconomy.org/ontology#
eame,http://www.semanticweb.org/ontologia_EA#
rdacarx,http://rdaregistry.info/termList/RDACarrierEU/
master1,http://idl.u-grenoble3.fr/
rdacpc,http://rdaregistry.info/termList/configPlayback/
vogd,http://ogd.ifs.tuwien.ac.at/vienna/geo/
datacite,http://purl.org/spar/datacite/
vam,http://www.metmuseum.org/
asawoo,http://liris.cnrs.fr/asawoo/
sdt,http://statisticaldata.linkedwidgets.org/terms/
crime,http://purl.org/vocab/reloc/
neotecbib,http://neotec.rc.unesp.br/resource/NeotectonicsBibliography/
isidore,http://www.rechercheisidore.fr/class/
provoc,http://ns.inria.fr/provoc/
pbody,http://reference.data.gov.uk/def/public-body/
rdaft,http://rdaregistry.info/termList/fileType/
lcsh,http://id.loc.gov/authorities/subjects/
meshv,http://id.nlm.nih.gov/mesh/vocab#
wail,http://www.eyrie.org/~zednenem/2002/wail/
esproc,http://vocab.linkeddata.es/datosabiertos/def/sector-publico/procedimientos#
estatgph,http://estatwrap.ontologycentral.com/id/nama_aux_gph#
pcdm,http://pcdm.org/models#
rdabs,http://rdaregistry.info/termList/broadcastStand/
maeco,http://edg.topbraid.solutions/maeco/
km4c,http://www.disit.org/km4city/schema#
scco,http://rdf.ebi.ac.uk/terms/surechembl#
smxm,http://smxm.ga/
dsfv,http://sws.ifi.uio.no/vocab/dsf/henriwi/dsf#
dcap,http://purl.org/ws-mmi-dc/terms/
ctxdesc,http://www.demcare.eu/ontologies/contextdescriptor.owl#
rdapf,http://rdaregistry.info/termList/presFormat/
dataid,http://dataid.dbpedia.org/ns/core#
semiot,http://w3id.org/semiot/ontologies/semiot#
prohow,https://w3id.org/prohow#
sdm,http://standard.k-history.kr/resource/
dbfo,http://dbpedia.org/facts/ontology#
jpost,http://rdf.jpostdb.org/ontology/jpost.owl#
tissue,http://www.univalle.edu.co/ontologies/Tissue#
yso,http://www.yso.fi/onto/yso/
customer,http://www.valuelabs.com/
eol,http://purl.org/biodiversity/eol/
sdmxc,http://purl.org/linked-data/sdmx/2009/concept#
lgt,http://linkedgadget.com/wiki/Property:
vort,http://rockets.topbraid.solutions/vort/
rdagen,http://rdaregistry.info/termList/RDAGeneration/
vplan,http://www.ifs.tuwien.ac.at/~miksa/ontologies/VPlan.owl#
json,https://www.ecma-international.org/publications/files/ECMA-ST/ECMA-404.pdf#
lyon,http://dbpedia.org/resource/Lyon/
dqc,http://semwebquality.org/ontologies/dq-constraints#
alethio,http://aleth.io/
composer,http://dbpedia.org/ontology/composer/
tarql,http://tarql.github.io/tarql#
rdalay,http://rdaregistry.info/termList/layout/
persee,http://data.persee.fr/ontology/persee_ontology/
ecoll,http://purl.org/ceu/eco/1.0#
rdapm,http://rdaregistry.info/termList/RDAproductionMethod/
webac,http://fedora.info/definitions/v4/webac#
gobierno,http://www.gobierno.es/gobierno/
ppr,http://purl.org/datanode/ppr/ns/
valueflows,https://w3id.org/valueflows/
provinsi,http://provinsi.com/
apf,http://jena.apache.org/ARQ/property#
rdaill,http://rdaregistry.info/termList/IllusContent/
rdaspc,http://rdaregistry.info/termList/specPlayback/
frgeo,http://rdf.insee.fr/geo/
ldqm,http://linkeddata.es/resource/ldqm/
sgfn,http://w3id.org/sparql-generate/fn/
ifc,http://ifcowl.openbimstandards.org/IFC2X3_Final#
sdmxcode,http://purl.org/linked-data/sdmx/2009/code#
rdax,http://rdaregistry.info/Elements/x/
wab,http://wab.uib.no/cost-a32_philospace/wittgenstein.owl#
edac,http://ontology.cybershare.utep.edu/ELSEWeb/elseweb-edac.owl#
undata,http://citydata.wu.ac.at/Linked-UNData/data/
frappe,http://streamreasoning.org/ontologies/frappe#
input,http://volt-name.space/vocab/input#
sfn,http://semweb.datasciencelab.be/ns/sfn#
ioto,http://www.irit.fr/recherches/MELODI/ontologies/IoT-O#
soch,http://kulturarvsdata.se/ksamsok#
rdfsharp,https://rdfsharp.codeplex.com/
shacl,http://www.w3.org/ns/shacl#
ontop,https://w3id.org/ontop/
ispra,http://dati.isprambiente.it/ontology/core#
sdmxm,http://purl.org/linked-data/sdmx/2009/measure#
huto,http://ns.inria.fr/huto/
rimmf,http://rimmf.com/vocab/
rdavf,http://rdaregistry.info/termList/videoFormat/
ndnp,http://chroniclingamerica.loc.gov/terms#
ecowlim,http://ecowlim.tfri.gov.tw/lode/resource/
ttp,http://eample.com/test#
doi,http://dx.doi.org/
ondc,http://www.semanticweb.org/ontologies/2012/1/Ontology1329913965202.owl#
mesh,http://id.nlm.nih.gov/mesh/
sto,https://w3id.org/i40/sto#
sosa,http://www.w3.org/ns/sosa/
sgiter,http://w3id.org/sparql-generate/iter/
studiop,http://purl.org/resource/pilatesstudio/
im,http://imgpedia.dcc.uchile.cl/resource/
cwrc,http://sparql.cwrc.ca/ontology/cwrc#
dpla,http://dp.la/info/developers/map/
nobel,http://data.nobelprize.org/terms/
rdaad,http://rdaregistry.info/Elements/a/datatype/
umls,http://bioportal.bioontology.org/ontologies/umls/
ago,http://awesemantic-geo.link/ontology/
dsw,http://purl.org/dsw/
hva,http://www.ebusiness-unibw.org/ontologies/hva/ontology#
ver,https://w3id.org/version/ontology#
qbe,http://citydata.wu.ac.at/qb-equations#
theme,http://voc.odw.tw/theme/
ncbigene,http://identifiers.org/ncbigene/
tx,http://swtmp.gitlab.io/vocabulary/templates.owl#
vsearch,http://vocab.sti2.at/vsearch#
snac,http://socialarchive.iath.virginia.edu/
opa,https://w3id.org/laas-iot/adream#
id,http://identifiers.org/
it,http://www.influencetracker.com/ontology#
emergelm,http://purl.org/emergel/modules#
marcrole,http://id.loc.gov/vocabulary/relators/
alice,http://example.org/
rdare,http://rdaregistry.info/termList/RDARegionalEncoding/
ogdl4m,https://github.com/martynui/OGDL4M/
atlas,http://rdf.ebi.ac.uk/resource/atlas/
cpov,http://data.europa.eu/m8g/
gvoi,http://assemblee-virtuelle.github.io/grands-voisins-v2/gv.owl.ttl#
imo,http://imgpedia.dcc.uchile.cl/ontology#
tsn,http://purl.org/net/tsn#
geor,http://www.opengis.net/def/rule/geosparql/
tg,http://www.turnguard.com/turnguard#
llalg,http://www.linklion.org/algorithm/
tosh,http://topbraid.org/tosh#
salad,https://w3id.org/cwl/salad#
oplangel,http://www.openlinksw.com/schemas/angel#
emergel,http://purl.org/emergel/core#
bdc,http://dbpedia.org/resource/Category:
gvoith,http://assemblee-virtuelle.github.io/grands-voisins-v2/thesaurus.ttl#
pato,http://purl.obolibrary.org/obo/
orcid,http://orcid.org/
oplp,http://www.openlinksw.com/ontology/purchases#
svcs,http://rdfs.org/sioc/services#
connard,https://mail.google.com/mail/u/1/#
oplstocks,http://www.openlinksw.com/ontology/stocks#
nkos,http://w3id.org/nkos#
nature,http://deductions.github.io/nature_observation.owl.ttl#
fssp,http://linkeddata.fssprus.ru/resource/
globalcube,http://kalmar32.fzi.de/triples/global-cube.ttl#
geoloc,http://deductions.github.io/geoloc.owl.ttl#
bot,https://w3id.org/bot#
seeds,http://deductions.github.io/seeds.owl.ttl#
tsnchange,http://purl.org/net/tsnchange#
gdc,https://portal.gdc.cancer.gov/cases/
owms,http://standaarden.overheid.nl/owms/terms/
vehma,http://deductions.github.io/vehicule-management.owl.ttl#
eustd,http://eurostat.linked-statistics.org/data#
brt,http://brt.basisregistraties.overheid.nl/def/top10nl#
ldn,https://www.w3.org/TR/ldn/#
hasco,http://hadatac.org/ont/hasco/
pand,http://bag.basisregistraties.overheid.nl/bag/id/pand/
brk,http://brk.basisregistraties.overheid.nl/def/brk#
add,http://www.datatourisme.fr/ontology/core/1.0#
dcatnl,http://standaarden.overheid.nl/dcatnl/terms/
pep,https://w3id.org/pep/
clapit,http://dati.gov.it/onto/clapit/
aml,https://w3id.org/i40/aml#
oplwebsrv,http://www.openlinksw.com/ontology/webservices#
dto,http://www.datatourisme.fr/ontology/core/1.0#
td,http://www.w3.org/ns/td#
scra,http://purl.org/net/schemarama#
ssno,http://www.w3.org/ns/ssn/
pmc,http://identifiers.org/pmc/
nih,http://ncicb.nci.nih.gov/xml/owl/EVS/Thesaurus.owl#
assoc,https://w3id.org/associations/vocab#
dk,http://www.data-knowledge.org/dk/schema/rdf/latest/
dbkwik,http://dbkwik.webdatacommons.org/
cpi,http://www.ebusiness-unibw.org/ontologies/cpi/ns#
fhir,http://hl7.org/fhir/
bdr,http://purl.bdrc.io/resource/
euvoc,http://publications.europa.eu/ontology/euvoc#
nrv,http://ns.inria.fr/nrv#
bdd,http://purl.bdrc.io/data/
ns2,http://ogp.me/ns#video:
vehman,http://deductions.github.io/vehicule-management.owl.ttl#
memento,http://mementoweb.org/ns#
fnml,http://semweb.mmlab.be/ns/fnml#
pop,http://wiki.dbpedia.org/
gg,http://www.gemeentegeschiedenis.nl/gg-schema#
doacc,http://purl.org/net/bel-epa/doacc#
ifcowl,http://www.buildingsmart-tech.org/ifcOWL/IFC4_ADD2#
fr,https://w3id.org/fr/def/core#
loupe,http://ont-loupe.linkeddata.es/def/core/
meeting,http://www.w3.org/2002/07/meeting#
edg,http://edg.topbraid.solutions/model/
oplbenefit,http://www.openlinksw.com/ontology/benefits#
isaterms,http://purl.org/isaterms/
task,http://deductions.github.io/task-management.owl.ttl#
bdo,http://purl.bdrc.io/ontology/core/
tui,http://data.ifs.tuwien.ac.at/study/resource/
fun,http://w3id.org/sparql-generate/fn/
cwlgit,https://w3id.org/cwl/view/git/
fuseki,http://jena.apache.org/fuseki#
ontoneo,http://purl.obolibrary.org/obo/ontoneo/
datacron,http://www.datacron-project.eu/datAcron#
iab,https://www.iab.com/guidelines/taxonomy/
ottr,http://ns.ottr.xyz/templates#
s4envi,https://w3id.org/def/saref4envi#
iotlite,http://purl.oclc.org/NET/UNIS/fiware/iot-lite#
s4bldg,https://w3id.org/def/saref4bldg#
halyard,http://merck.github.io/Halyard/ns#
literature,http://purl.org/net/cnyt-literature#
docker,http://www.w3.org/ns/bde/docker/
m3,http://sensormeasurement.appspot.com/m3#
ddb,http://www.deutsche-digitale-bibliothek.de/edm/
osd,http://a9.com/-/spec/opensearch/1.1/
ja,http://jena.hpl.hp.com/2005/11/Assembler#
bci,https://w3id.org/BCI-ontology#
iter,http://w3id.org/sparql-generate/iter/
bob,http://good.dad/meaning/bob#
mdont,http://ont.matchdeck.com/
audit,http://fedora.info/definitions/v4/audit#
ido,http://purl.obolibrary.org/obo/ido.owl#
ims,http://www.imsglobal.org/xsd/imsmd_v1p2/
smartapi,http://smart-api.io/ontology/1.0/smartapi#
medred,http://w3id.org/medred/medred#
aseonto,http://requirement.ase.ru/requirements_ontology#
linkrel,https://www.w3.org/ns/iana/link-relations/relation#
agr,http://promsns.org/def/agr#
bds,http://www.bigdata.com/rdf/search#
pcdmuse,http://pcdm.org/use#
ldl,https://w3id.org/ldpdl/ns#
w3cgeo,http://www.w3.org/2003/01/geo/wgs84_pos#
aprov,http://purl.org/a-proc#
ceterms,http://purl.org/ctdl/terms/
sciprov,http://sweetontology.net/reprSciProvenance/
allot,https://w3id.org/akn/ontology/allot#
s3n,http://w3id.org/s3n/
dsms,http://data.europa.eu/esco/dsms/model/